-- phpMyAdmin SQL Dump
-- version 4.9.0.1
-- https://www.phpmyadmin.net/
--
-- Host: localhost:3306
-- Generation Time: Dec 12, 2019 at 09:38 AM
-- Server version: 5.7.28
-- PHP Version: 7.3.6

SET SQL_MODE = "NO_AUTO_VALUE_ON_ZERO";
SET AUTOCOMMIT = 0;
START TRANSACTION;
SET time_zone = "+00:00";


/*!40101 SET @OLD_CHARACTER_SET_CLIENT=@@CHARACTER_SET_CLIENT */;
/*!40101 SET @OLD_CHARACTER_SET_RESULTS=@@CHARACTER_SET_RESULTS */;
/*!40101 SET @OLD_COLLATION_CONNECTION=@@COLLATION_CONNECTION */;
/*!40101 SET NAMES utf8mb4 */;

--
-- Database: `makzanco_mtajer`
--

-- --------------------------------------------------------

--
-- Table structure for table `admins`
--

CREATE TABLE `admins` (
  `user_id` int(11) NOT NULL,
  `full_name` varchar(30) NOT NULL,
  `user_name` varchar(30) NOT NULL,
  `email` varchar(30) NOT NULL,
  `password` varchar(100) NOT NULL,
  `img` varchar(255) NOT NULL
) ENGINE=InnoDB DEFAULT CHARSET=utf8;

--
-- Dumping data for table `admins`
--

INSERT INTO `admins` (`user_id`, `full_name`, `user_name`, `email`, `password`, `img`) VALUES
(1, 'مدير النظام', 'admin', 'makza440@gmail.com', '97ba669af0995323ac044a5d4568766c', 'if_square-twitter_317723.png');

-- --------------------------------------------------------

--
-- Table structure for table `ads`
--

CREATE TABLE `ads` (
  `id` int(11) NOT NULL,
  `url` varchar(255) NOT NULL,
  `image` varchar(255) NOT NULL,
  `created_at` date NOT NULL,
  `updated_at` date NOT NULL
) ENGINE=InnoDB DEFAULT CHARSET=utf8;

--
-- Dumping data for table `ads`
--

INSERT INTO `ads` (`id`, `url`, `image`, `created_at`, `updated_at`) VALUES
(1, 'https://play.google.com/store/apps/details?id=com.makhzan.app', 'تنزيل.jpg', '2018-09-09', '2019-04-03'),
(4, 'https://itunes.apple.com/sa/app/%D9%85%D8%AE%D8%B2%D9%86-makzan/id1431336474?mt=8', 'الاعللان_لتطبيق_مخزن.jpg', '2018-10-16', '2018-12-11');

-- --------------------------------------------------------

--
-- Table structure for table `bank_accounts`
--

CREATE TABLE `bank_accounts` (
  `id` int(11) NOT NULL,
  `owner` varchar(255) CHARACTER SET utf8 NOT NULL,
  `account_number` varchar(255) CHARACTER SET utf8 NOT NULL,
  `bank_name` varchar(255) CHARACTER SET utf8 NOT NULL,
  `created_at` date NOT NULL,
  `updated_at` date NOT NULL
) ENGINE=MyISAM DEFAULT CHARSET=latin1;

--
-- Dumping data for table `bank_accounts`
--

INSERT INTO `bank_accounts` (`id`, `owner`, `account_number`, `bank_name`, `created_at`, `updated_at`) VALUES
(1, 'مخزن', 'SA7580000581608010084404', 'مصرف الراجحي', '2018-08-12', '2018-08-19'),
(5, 'مؤسسة مخزن', 'SA0315000561128884040006', 'بنك البلاد', '2019-04-03', '0000-00-00'),
(3, 'مخزن', 'SA6610000038373363000103', 'البنك الأهلي التجاري', '2018-08-15', '2018-08-24');

-- --------------------------------------------------------

--
-- Table structure for table `categories`
--

CREATE TABLE `categories` (
  `id` int(11) NOT NULL,
  `name` varchar(255) NOT NULL,
  `image` varchar(255) NOT NULL,
  `created_at` date NOT NULL,
  `updated_at` date NOT NULL
) ENGINE=InnoDB DEFAULT CHARSET=utf8;

--
-- Dumping data for table `categories`
--

INSERT INTO `categories` (`id`, `name`, `image`, `created_at`, `updated_at`) VALUES
(1, 'اجهزة اتصال', 'phone1.png', '0000-00-00', '2018-10-29'),
(2, 'أكسسوارات', 'accessories.png', '0000-00-00', '2018-10-29'),
(3, 'اجهزة WIFI', 'Wifi.png', '2018-10-01', '2018-10-29'),
(4, 'أسلاك شواحن', 'Cables.png', '2018-10-02', '2018-10-29'),
(5, 'بطاريات متنقلة', 'PowerBank.png', '2018-10-07', '2018-10-29'),
(6, 'شحن انتر نت', '70f947a8-8c0a-4de9-be8c-0e43d14c06fa_16x9_1200x676.jpg', '2018-12-01', '2018-12-02'),
(7, 'عروض التخفيضات', 'Screenshot_٢٠١٩٠٤٢٤_٢١٥٢١١.jpg', '2019-04-24', '0000-00-00');

-- --------------------------------------------------------

--
-- Table structure for table `cities`
--

CREATE TABLE `cities` (
  `id` int(11) NOT NULL,
  `name` varchar(255) NOT NULL,
  `country_id` int(11) NOT NULL,
  `created_at` date NOT NULL,
  `updated_at` date NOT NULL
) ENGINE=InnoDB DEFAULT CHARSET=utf8;

--
-- Dumping data for table `cities`
--

INSERT INTO `cities` (`id`, `name`, `country_id`, `created_at`, `updated_at`) VALUES
(3, 'بريدة', 2, '2018-08-19', '0000-00-00'),
(4, 'الرياض', 2, '2018-11-02', '2018-11-06'),
(5, 'جدة', 2, '2018-11-02', '0000-00-00'),
(6, 'الشرقية', 2, '2018-11-02', '0000-00-00'),
(7, 'مكة', 2, '2018-11-02', '0000-00-00'),
(8, 'الجوف', 2, '2018-11-02', '0000-00-00'),
(9, 'سكاكا', 2, '2018-11-02', '2018-11-02'),
(10, 'تبوك', 2, '2018-11-02', '0000-00-00'),
(11, 'عرعر', 2, '2018-11-02', '0000-00-00'),
(12, 'الحفر', 2, '2018-11-02', '0000-00-00'),
(13, 'رفحا', 2, '2018-11-02', '0000-00-00'),
(14, 'نجران', 2, '2018-11-02', '0000-00-00'),
(15, 'جيزان', 2, '2018-11-02', '0000-00-00'),
(16, 'عسير', 2, '2018-11-02', '0000-00-00'),
(17, 'الباحة', 2, '2018-11-02', '0000-00-00');

-- --------------------------------------------------------

--
-- Table structure for table `countries`
--

CREATE TABLE `countries` (
  `id` int(11) NOT NULL,
  `name` varchar(255) NOT NULL,
  `international_key` varchar(10) NOT NULL,
  `flag` varchar(255) NOT NULL,
  `created_at` date NOT NULL,
  `updated_at` date NOT NULL
) ENGINE=InnoDB DEFAULT CHARSET=utf8;

--
-- Dumping data for table `countries`
--

INSERT INTO `countries` (`id`, `name`, `international_key`, `flag`, `created_at`, `updated_at`) VALUES
(2, 'السعودية', '966', '', '2018-07-09', '2018-09-03');

-- --------------------------------------------------------

--
-- Table structure for table `customers`
--

CREATE TABLE `customers` (
  `id` int(11) NOT NULL,
  `full_name` varchar(255) NOT NULL,
  `email` varchar(255) NOT NULL,
  `phone` text NOT NULL,
  `country_id` int(11) NOT NULL,
  `city_id` int(11) NOT NULL,
  `password` varchar(255) NOT NULL,
  `image` text NOT NULL,
  `created_at` date NOT NULL,
  `status` tinyint(4) NOT NULL COMMENT '0 = deactivated, 1 = activated ',
  `confirmed` int(11) NOT NULL COMMENT '0 = not_confirmed, 1 = confirmed',
  `updated_at` date NOT NULL
) ENGINE=InnoDB DEFAULT CHARSET=utf8;

--
-- Dumping data for table `customers`
--

INSERT INTO `customers` (`id`, `full_name`, `email`, `phone`, `country_id`, `city_id`, `password`, `image`, `created_at`, `status`, `confirmed`, `updated_at`) VALUES
(1, 'اشرف الخولى', 'ashraf.m@wysist.com', '0551156267', 2, 1, 'a1c16b6dd59e7abbc52c24537eeab6f0', '5b4dd6220d965.jpg', '2018-07-11', 1, 1, '2018-07-17'),
(7, 'معاذ', '', '05123456789', 2, 3, 'e3db72cddb1a34c9f3031ee0cd9ab521', '', '2018-08-20', 1, 1, '0000-00-00'),
(8, 'محمد', '', '0509717440', 2, 3, 'e3db72cddb1a34c9f3031ee0cd9ab521', '', '2018-08-20', 1, 1, '0000-00-00'),
(9, 'معاذ', '', '2147483647', 2, 3, 'cb76f05f6b67c396e2248453a7a7cb7d', '', '2018-08-21', 1, 1, '0000-00-00'),
(11, 'ياسر', '', '0596248772', 2, 3, 'e3db72cddb1a34c9f3031ee0cd9ab521', '', '2018-09-03', 1, 1, '0000-00-00'),
(12, 'معاذ', '', '0550551080', 2, 3, 'e3db72cddb1a34c9f3031ee0cd9ab521', '5bebbb33e7092.jpg', '2018-09-03', 1, 1, '2019-09-22'),
(13, 'Maha', '', '0553344685', 2, 3, '5370c334508452f56a16a5fb3207eb12', '', '2018-09-06', 1, 1, '0000-00-00'),
(15, 'Arwa', '', '0556717440', 2, 3, 'a347bf0da19c420ddd52a7257b65a8fa', '', '2018-09-12', 1, 1, '0000-00-00'),
(16, 'Maha', '', '0533460818', 2, 3, 'afd9e6bd9cbef8d3802b4ee1d752bec7', '', '2018-10-01', 1, 1, '0000-00-00'),
(17, 'غانم محمد التويجري ', '', '0555074431', 2, 3, '90437db76228d0eefd8e529cc99da5a9', '', '2018-10-06', 1, 1, '0000-00-00'),
(18, 'Shamse79', '', '00963936377792', 2, 3, 'eebd1c3b6ae0302d2ab7e0917a999da2', '', '2018-10-07', 1, 1, '0000-00-00'),
(19, 'ماجد', '', '0563918008', 2, 3, 'c6c69f2c05663de0ca49bf4825595be1', '', '2018-10-08', 1, 1, '0000-00-00'),
(20, 'عبدالله', '', '0535145149', 2, 3, 'f73a25dc80ab57931ca2fed92b3fbd36', '', '2018-10-09', 1, 1, '0000-00-00'),
(21, 'عناد المطيري', '', '0552836517', 2, 3, '285c49432386a338f170136af853efa1', '', '2018-10-09', 1, 1, '0000-00-00'),
(22, 'Saeed', '', '055961989', 2, 3, '15122b54a235da3d78cb2db9fe4feb04', '', '2018-10-10', 1, 1, '0000-00-00'),
(23, 'ميعاد ', '', '0507013888', 2, 3, '57979faf452e3c93cb47795e76a2b038', '', '2018-10-12', 1, 1, '0000-00-00'),
(24, 'ابو وليد الضحيان ', '', '0567319993', 2, 3, '20c1486b6430b14567030b5852dbc4ef', '', '2018-10-12', 1, 1, '0000-00-00'),
(25, 'Abdullah', '', '0551156265', 2, 3, 'cce828e37e6009d3489814907c6cf002', '', '2018-10-12', 1, 1, '0000-00-00'),
(26, 'Shimaa', '', '01060954700', 2, 3, 'c4cec0c8c1701d2e1d237b2adb7d555e', '', '2018-10-15', 0, 1, '0000-00-00'),
(27, 'اختبار مستخدم', '', '201012698444', 2, 3, 'e3db72cddb1a34c9f3031ee0cd9ab521', '', '2018-10-17', 0, 0, '0000-00-00'),
(28, 'Lina', '', '01622929191', 2, 3, '560e7714798b3f0be8b6e3d88a4b1d66', '', '2018-10-20', 0, 0, '0000-00-00'),
(29, 'ريان', '', '0505136652', 2, 3, 'a347bf0da19c420ddd52a7257b65a8fa', '', '2018-10-23', 1, 1, '0000-00-00'),
(30, 'فهد الشمري', '', '0553437108', 2, 3, '19c7e8c2ebdc6310fa9cc3ee464607b6', '', '2018-10-25', 1, 1, '0000-00-00'),
(31, 'رنات التميز للاتصالات', '', '0580859595', 2, 3, '90437db76228d0eefd8e529cc99da5a9', '', '2018-11-01', 1, 0, '0000-00-00'),
(32, 'سلوى احمد', '', '0530234723', 2, 15, '75d23e8b87a622e55bd1fed610b44285', '', '2018-11-02', 1, 0, '0000-00-00'),
(33, 'Ogla', '', '0568877488', 2, 4, '4f1e023087b9a5a7e8b01e97db2c2586', '', '2018-11-06', 1, 1, '0000-00-00'),
(34, 'يحي قميري', '', '0501511469', 2, 15, '27a6bf0fefe3915d65720e17f6611c3a', '', '2018-11-07', 1, 1, '0000-00-00'),
(35, 'محسن', '', '0558966879', 2, 15, '68187171321916106703e673d46163e1', '', '2018-11-08', 1, 1, '0000-00-00'),
(36, 'معاذ علي الضحيان', '', '0509885160', 2, 3, 'e3db72cddb1a34c9f3031ee0cd9ab521', '', '2018-11-08', 1, 1, '0000-00-00'),
(37, 'عبدالله الجاسر', '', '0505179119', 2, 3, '3742fddd65c4713cf5b3c769bfe3758d', '', '2018-11-09', 1, 1, '0000-00-00'),
(38, 'Aboodysultan', '', '0509080943', 2, 3, 'fa425a06d162f6a29108c1fba3f3cb27', '', '2018-11-11', 1, 1, '0000-00-00'),
(39, 'ابو سعود ', '', '531142802', 2, 3, '592230d35e270216ddaf704a132ffc19', '', '2018-11-12', 1, 1, '0000-00-00'),
(40, 'Yousef', '', '0551222131', 2, 4, '3323f73bfaf6e81df7036f9de2355fd1', '', '2018-11-13', 1, 1, '0000-00-00'),
(41, 'نايف المنديل ', '', '0580286732', 2, 4, '5a42b85ab62ecb1ba31b889b8ca49472', '', '2018-11-14', 1, 1, '0000-00-00'),
(42, 'Khalid', '', '0555606431', 2, 6, '506e9f205e93909a103e842f36d9a463', '', '2018-11-16', 1, 1, '0000-00-00'),
(43, 'محمد عبدالله ', '', '0596803885', 2, 3, '8b362e6315347e5399847ffe1491a4f7', '', '2018-11-19', 1, 1, '0000-00-00'),
(44, 'تمر', '', '0531211012', 2, 4, '6296ae600dc7deecdc34eb5ecd507847', '', '2018-11-19', 1, 1, '2018-11-19'),
(45, 'NAwaf', '', '0554894964', 2, 7, '546c4d3f00f0489d3302280ff775f9e5', '', '2018-11-24', 1, 1, '0000-00-00'),
(46, 'فهد', '', '0599048800', 2, 5, '4f1e023087b9a5a7e8b01e97db2c2586', '', '2018-11-26', 1, 1, '0000-00-00'),
(47, 'سعود المحمد', '', '0508217161', 2, 3, '50c71f04b175e80abb5b6d170b706a69', '', '2018-11-27', 1, 1, '0000-00-00'),
(48, 'سلمان', '', '0568044474', 2, 3, '4596c4c692bf81e29f141f362fc5aa8e', '', '2018-11-30', 1, 1, '0000-00-00'),
(49, 'أبوعلي النغيمشي', '', '0555147567', 2, 3, '13b317afb1d7b527331400322f7208f8', '', '2018-12-03', 1, 1, '0000-00-00'),
(50, 'Gh', '', '0536375996', 2, 3, '0ba8ffb9da9fcf238f7976b54d88a0bc', '', '2018-12-03', 1, 1, '0000-00-00'),
(51, 'خالد', '', '0505151210', 2, 4, '54e885fcf4695722bc00506806c92fdb', '', '2018-12-03', 1, 1, '0000-00-00'),
(52, 'ابراهيم حسن', '', '0554781411', 2, 16, 'cb33ae2f89744be6d5f7421e97ea7a51', '', '2018-12-03', 1, 1, '0000-00-00'),
(53, 'ابو عبدالله ', '', '0540812133', 2, 3, 'd4f19601c0d7e71a9331b6619746d651', '', '2018-12-03', 1, 1, '0000-00-00'),
(54, 'ناصر', '', '0553393468', 2, 3, 'd17f2ea54914c9903a5082d3447bf772', '', '2018-12-03', 1, 1, '0000-00-00'),
(55, 'ابو عبدالله', '', '0505106651', 2, 4, '4237096d60d20891ca0c98be109ee239', '', '2018-12-03', 1, 1, '0000-00-00'),
(56, 'nader', '', '0558344381', 2, 3, '78416a86b95d0e4cb143381a2c8c912a', '', '2018-12-03', 1, 1, '0000-00-00'),
(57, 'طارق', '', '0555173813', 2, 3, 'c035463d017857ef2b0bdd38b199d7aa', '', '2018-12-03', 1, 1, '0000-00-00'),
(58, 'ابومتعب', '', '0505162778', 2, 3, '5c2f4106f434ebf08d0284492d388197', '', '2018-12-03', 1, 1, '0000-00-00'),
(59, 'رشيد ', '', '0557147809', 2, 3, 'fe1ea11a652203868b9dbb6f5e03f6b9', '', '2018-12-03', 1, 1, '0000-00-00'),
(60, 'عبيد', '', '500700456', 2, 5, '92ade83c9230a53f1dc5ab6ad2c9d5a9', '', '2018-12-03', 1, 1, '0000-00-00'),
(61, 'عايض', '', '0553677387', 2, 4, '93bbd8fa87667bffaf94d5b978a65450', '', '2018-12-03', 1, 1, '0000-00-00'),
(62, 'حسن الوذيناني', '', '0555373431', 2, 4, '041e7e01a076667a91a839dec9df5303', '', '2018-12-03', 1, 1, '0000-00-00'),
(63, 'عبدالله', '', '0550366544', 2, 3, '25f42d4bdf074fae19b5b9dd64b5b1db', '', '2018-12-04', 1, 1, '0000-00-00'),
(64, 'ثامر الطويرقي', '', '0505672894', 2, 7, 'ef2489c83ad8b61051d17a161c725af9', '', '2018-12-04', 1, 1, '0000-00-00'),
(65, 'asma', '', '0551541440', 2, 4, '1839e53474b34f9d47dac69f32290812', '', '2018-12-04', 1, 1, '0000-00-00'),
(66, 'معاذ المشعلي', '', '0531333006', 2, 3, 'ae4eb8801b760a06b1c02677c503d68c', '', '2018-12-04', 1, 1, '0000-00-00'),
(67, 'فارس المالكي', '', '0533332192', 2, 4, '2c6f62af2158e8df13728e27edfa98ac', '', '2018-12-04', 1, 1, '0000-00-00'),
(68, 'سعيد', '', '0580887770', 2, 17, '3551594ef6bcddf050f0656bcadf7660', '', '2018-12-05', 1, 1, '0000-00-00'),
(69, 'Mohammed', '', '0504101042', 2, 6, '471906d986e93c494612b63bf46ceee6', '', '2018-12-08', 1, 1, '0000-00-00'),
(70, 'Talal', '', '509015700', 2, 15, 'a355490a2a3b939bdafdb03b3f22ee2e', '', '2018-12-11', 1, 1, '0000-00-00'),
(71, 'مالك', '', '0556281110', 2, 3, 'be49c7a61dc34cc40984ac9da1721af7', '', '2018-12-11', 1, 1, '0000-00-00'),
(72, 'عبدالله', '', '0558157888', 2, 3, 'b7079cc885dac4f80ae5e43933bb1673', '', '2018-12-11', 1, 1, '0000-00-00'),
(73, 'صالح المطيري', '', '0559634249', 2, 3, '108367eca06a1304cfa54d0094e5077a', '', '2018-12-11', 1, 1, '0000-00-00'),
(74, 'سلطان ', '', '0560959194', 2, 3, 'a89df7f04e75989d7d828dd8fd0cf52d', '', '2018-12-11', 1, 1, '0000-00-00'),
(75, 'أبو عبدالرحمن', '', '0559926969', 2, 3, '134da65e0db3f12bde89725422eb7677', '', '2018-12-11', 1, 1, '0000-00-00'),
(76, 'يحيى الغامدي ', '', '0550845017', 2, 3, '1dace97d5aef0bdf06c557c9cf7b6306', '', '2018-12-11', 1, 1, '0000-00-00'),
(77, 'G23', '', '0542782955', 2, 3, 'f97b9f93d405a80bef21d1ed78bb7c67', '', '2018-12-11', 1, 1, '0000-00-00'),
(78, 'ماجد الحربي', '', '0507830972', 2, 3, 'a89df7f04e75989d7d828dd8fd0cf52d', '', '2018-12-11', 1, 1, '0000-00-00'),
(79, 'ابو غنى', '', '0550341322', 2, 3, '8e395767e364ffbfb9fb8ec5ed3f9c82', '', '2018-12-11', 1, 1, '0000-00-00'),
(80, 'سالم', '', '0508778548', 2, 3, '09d2077063e4ba3e242dc8f8736d97d5', '', '2018-12-11', 1, 1, '0000-00-00'),
(81, 'Omar', '', '0544823339', 2, 3, 'aa4b050498b3d1053228b223331ead3a', '', '2018-12-11', 1, 1, '0000-00-00'),
(82, 'zooz', '', '551226595', 2, 3, '18a78024eef41e1496dd55605f888af5', '', '2018-12-11', 1, 1, '0000-00-00'),
(83, 'حمودي', '', '0533100955', 2, 3, '3dbb094f757609fcd82e7e4c53fe6e16', '', '2018-12-11', 1, 1, '0000-00-00'),
(84, 'محمد العبدالله ', '', '0506703333', 2, 3, '592eb43d7e6880b96cf76278796cfc6e', '', '2018-12-11', 1, 1, '0000-00-00'),
(85, 'ابو سعود', '', '0555811985', 2, 3, 'c09a9a1fa60dea29b3e46471423d9c96', '', '2018-12-12', 1, 1, '0000-00-00'),
(86, 'neeeed4me', '', '0533636615', 2, 3, '438fb86fc801d93331d0ebcde41e6906', '', '2018-12-12', 1, 1, '0000-00-00'),
(87, 'saleh', '', '0535603549', 2, 3, 'd2f6d5d29cd3a3a006e38e4384208a28', '', '2018-12-12', 1, 1, '0000-00-00'),
(88, 'علي ', '', '0532109940', 2, 3, 'c18f04b0fe9ec808bf82d6f641bf1e4a', '', '2018-12-12', 1, 1, '0000-00-00'),
(89, 'عبدالله', '', '0566738977', 2, 3, '4efb49dad9d5c8f388598d7cf78d2463', '', '2018-12-12', 1, 1, '0000-00-00'),
(90, 'Mbark', '', '0554445462', 2, 12, '6dd1ac7d14210da32d5218ef843dab65', '', '2018-12-12', 1, 1, '0000-00-00'),
(91, 'فاتن', '', '0508346015', 2, 3, '49269832f398ce821dca25e503615131', '', '2018-12-12', 1, 1, '0000-00-00'),
(92, 'عماد', '', '0506196056', 2, 3, '711ae2240679c29fc8695df8b35f90d3', '', '2018-12-12', 1, 1, '0000-00-00'),
(93, 'محمد الشيخ', '', '0506019168', 2, 3, 'a9d3a1a8fe979a2c0000cdc8fe9e4dbc', '', '2018-12-12', 1, 1, '0000-00-00'),
(94, 'matar', '', '0530999752', 2, 3, '0001e3be51987a067cae7956543ed5b6', '', '2018-12-12', 1, 1, '0000-00-00'),
(95, 'نواف', '', '0506764905', 2, 3, '7e7ca4056211fbbeb67e948810e293f6', '', '2018-12-12', 1, 1, '0000-00-00'),
(96, 'عبدالرحمن', '', '0544444225', 2, 3, '6564127267154d700d730277bfb81500', '', '2018-12-12', 1, 1, '0000-00-00'),
(97, 'نادر', '', '0564860944', 2, 3, '1ae69bea19c211ee58af9ed05f7824de', '', '2018-12-12', 1, 1, '0000-00-00'),
(98, 'fares', '', '0542444277', 2, 3, '8843965ae9b059a736edd9040e6389c7', '', '2018-12-12', 1, 1, '0000-00-00'),
(99, 'ابو محمد ', '', '0533342745', 2, 3, 'd5599c0a3d5edc11384f63bc0251fb8a', '', '2018-12-12', 1, 1, '0000-00-00'),
(100, 'علي', '', '0540477778', 2, 5, 'cbd4450d67221a75089e04108885cef1', '', '2018-12-12', 1, 1, '0000-00-00'),
(101, 'ابوعبدالعزيز', '', '0557472722', 2, 3, '0453a8ae21504ed5b68ce4b2d83af552', '', '2018-12-12', 1, 1, '0000-00-00'),
(102, 'فهد', '', '0591228840', 2, 3, '87e9859e44528f6da615b97ec947095a', '', '2018-12-12', 1, 1, '0000-00-00'),
(103, 'Mhmd', '', '0538437440', 2, 3, '046dacba14c6861c8244f494d24a03ed', '', '2018-12-12', 1, 1, '0000-00-00'),
(104, 'ابو صالح', '', '0504283787', 2, 4, '790317d27853562b370d4ff323d227f6', '', '2018-12-12', 1, 1, '0000-00-00'),
(105, 'احمد الرشيدي', '', '0544763687', 2, 3, '3f1ea82e7a75156b86bf3ca0b89e2c19', '', '2018-12-12', 1, 1, '0000-00-00'),
(106, 'وليد', '', '0534543354', 2, 8, '5678dddcac13392e473f8cd55c75cca2', '', '2018-12-12', 1, 1, '0000-00-00'),
(107, 'N', '', '0504481558', 2, 3, '19e24ce5123f6b14a9b27feb0bed5223', '', '2018-12-12', 1, 1, '0000-00-00'),
(108, 'خالد', '', '0533599569', 2, 3, 'bb1386889134bd80981e15d303603653', '', '2018-12-12', 1, 1, '0000-00-00'),
(109, 'ابو ريناد', '', '0554641777', 2, 3, '0cc2f74bea07aa1599a06313f5b70354', '', '2018-12-12', 1, 1, '0000-00-00'),
(110, 'مياح ', '', '0541114161', 2, 3, 'd62858c51d44f4dfba06a55d4f4dc0c5', '', '2018-12-12', 1, 1, '0000-00-00'),
(111, 'فهد', '', '0504428687', 2, 3, 'c025b9bdfc0de6ed61c2b0e9cc4de846', '', '2018-12-12', 1, 1, '0000-00-00'),
(112, 'عايض', '', '0598373691', 2, 3, 'c350b6f9469035d977f7f493087e472a', '', '2018-12-12', 1, 1, '0000-00-00'),
(113, 'Suliman', '', '0559363534', 2, 3, 'a2e7361aaf33e334b26d31a39082223b', '', '2018-12-12', 1, 1, '0000-00-00'),
(114, 'عادل ', '', '0504181666', 2, 3, '418a93115402f53daa2315ad6e77fa38', '', '2018-12-12', 1, 1, '0000-00-00'),
(115, 'محمد', '', '0538352275', 2, 3, 'e07e041a3772b0e9d251eb867673be86', '', '2018-12-12', 1, 1, '0000-00-00'),
(116, 'نواف الحربي', '', '0562955541', 2, 3, '4966a812b4791550a97bebb9af82b3c2', '', '2018-12-12', 1, 1, '0000-00-00'),
(117, 'فهد', '', '0506922858', 2, 3, '12c6fe1d50691551959ec1009d21769f', '', '2018-12-12', 1, 1, '0000-00-00'),
(118, 'nasser', '', '0505150680', 2, 3, 'bc6036560151b154221701ec0c1743bd', '', '2018-12-12', 1, 1, '0000-00-00'),
(119, 'Arwa', '', '0530704908', 2, 3, '9c6f1831a5ac93dcf1988f35b69a6664', '', '2018-12-12', 1, 1, '0000-00-00'),
(120, 'Hamoud', '', '0580701215', 2, 3, 'cba8040ed10754c56c43afe374e0ec80', '', '2018-12-12', 1, 1, '0000-00-00'),
(121, 'OMABDAllh', '', '0565024440', 2, 3, 'd79f4d68b50a972ca4328208f3aa60fc', '', '2018-12-12', 1, 1, '0000-00-00'),
(122, 'عبدالله الدايل', '', '0564465653', 2, 4, '56fbeeb786b7ef417638cb7bab74742a', '', '2018-12-12', 1, 1, '0000-00-00'),
(123, 'امل', '', '556089994', 2, 3, 'dbbaac3b223fd60e294dea87a66017bd', '', '2018-12-12', 1, 1, '0000-00-00'),
(124, 'هلال', '', '0507887951', 2, 3, 'd31013579b2bcc1b1a147f387a1bea1e', '', '2018-12-12', 1, 1, '0000-00-00'),
(125, 'عبدالكريم', '', '0530594768', 2, 3, 'd1b06a3798e843f4581bbae6d7df4903', '', '2018-12-12', 1, 1, '0000-00-00'),
(126, 'hadeela', '', '0537706393', 2, 3, '2dfec6fb8d4e2a72e7c75bd73981e571', '', '2018-12-12', 1, 1, '0000-00-00'),
(127, 'عبيدالله ', '', '0503979382', 2, 3, '96e439501135a18f7fbd81337ff4741b', '', '2018-12-12', 1, 1, '0000-00-00'),
(128, 'عمر البشري ', '', '0532805743', 2, 4, 'd6648014c9663793d6f7d307a95f684e', '', '2018-12-12', 1, 1, '0000-00-00'),
(129, 'ابو فهد', '', '0505969911', 2, 3, 'a89df7f04e75989d7d828dd8fd0cf52d', '', '2018-12-12', 1, 1, '0000-00-00'),
(130, 'مبارك ', '', '0502218074', 2, 3, 'b1be4e3bc7cfc3288af9f6f1f089a8f9', '', '2018-12-12', 1, 1, '0000-00-00'),
(131, 'Malik', '', '0504800174', 2, 3, '48f6e950744cdbe88011a4e9a3481634', '', '2018-12-12', 1, 1, '0000-00-00'),
(132, 'ltofh', '', '0554476035', 2, 4, 'a89df7f04e75989d7d828dd8fd0cf52d', '', '2018-12-12', 1, 1, '0000-00-00'),
(133, 'أبو يحيى ', '', '0506146869', 2, 4, '29a358256b76fe9368c79fc1cf0abfc5', '', '2018-12-12', 1, 1, '0000-00-00'),
(134, 'بندر', '', '0504444915', 2, 3, '59dc4650e2a82db25162fdee741c17f9', '', '2018-12-12', 1, 1, '0000-00-00'),
(135, 'مشعل ', '', '0569016999', 2, 3, 'b5772d79fca01cf26f4af6f15eba85a5', '', '2018-12-12', 1, 1, '0000-00-00'),
(136, 'حمد البريت', '', '0558050145', 2, 12, 'c0e2d30513858a805a3f1534dbf58f55', '', '2018-12-12', 1, 1, '0000-00-00'),
(137, 'خالد', '', '0555136367', 2, 3, 'e3db72cddb1a34c9f3031ee0cd9ab521', '', '2018-12-12', 1, 1, '0000-00-00'),
(138, 'ام سليمان', '', '0504885257', 2, 3, 'f8d0b0fa722e1a3a597f4c09db71d1c3', '', '2018-12-12', 1, 1, '0000-00-00'),
(139, 'ابو طارق', '', '0506718217', 2, 7, 'b5c44683e42ca2c4415319f2fc0fbc32', '', '2018-12-12', 1, 1, '0000-00-00'),
(140, 'غدير', '', '0530833684', 2, 3, '76656621b8d2ff6f38341cdf5d81377b', '', '2018-12-12', 1, 1, '0000-00-00'),
(141, 'Naif Almotary', '', '0555720052', 2, 3, '6a9782a707d4400a1ea4402799c71941', '', '2018-12-12', 1, 1, '0000-00-00'),
(142, 'ماجد', '', '0555819222', 2, 4, '86233b3d808440942570b0f05244de21', '', '2018-12-12', 1, 1, '0000-00-00'),
(143, 'بندر الحيسوني', '', '0552085289', 2, 3, '56edb8702d12f539617f2d0bd8d90c61', '', '2018-12-12', 1, 1, '0000-00-00'),
(144, 'مبارك الوهبي', '', '0533361164', 2, 3, '0aeb4ea6c63a772b9f0cbd70f4f6a998', '', '2018-12-12', 1, 1, '0000-00-00'),
(145, 'عبدالعزيز', '', '0564500090', 2, 3, 'cc3c6b059e64b33e1edfb00ef7b354a9', '', '2018-12-12', 1, 1, '0000-00-00'),
(146, 'محمد عبد الوهاب', '', '0545879820', 2, 3, '1fd356dd63cbb4a47a640575c52a2980', '', '2018-12-12', 1, 1, '0000-00-00'),
(147, 'عبدالله الحربي', '', '0560617089', 2, 3, '2b5932e86e72712bff49bcfdcb0bbe9f', '', '2018-12-13', 1, 1, '0000-00-00'),
(148, 'saltan', '', '0559407664', 2, 3, 'de23b0a1386535ab930c2d1229306774', '', '2018-12-13', 1, 1, '0000-00-00'),
(149, 'هيا الشمري', '', '0548309952', 2, 3, 'b231fe3b4b41e42dad0bf89027901234', '', '2018-12-13', 1, 1, '0000-00-00'),
(150, 'محمد مقبل الحربي', '', '0558583891', 2, 3, '3b032222741aa29c3d30a760a644fc73', '', '2018-12-13', 1, 1, '0000-00-00'),
(151, 'Hanan', '', '0552635760', 2, 7, '15ae9cfa9e0c8e0eeba81d23dbfe6fbc', '', '2018-12-14', 1, 1, '0000-00-00'),
(152, 'ابو خالد', '', '0555576989', 2, 3, '04d54b2ce7314a5fa443ee6712ab5512', '', '2018-12-14', 1, 1, '0000-00-00'),
(153, 'دحمي', '', '500693354', 2, 15, '0453a8ae21504ed5b68ce4b2d83af552', '', '2018-12-14', 1, 1, '0000-00-00'),
(154, 'عبدالعزيز', '', '0545351069', 2, 3, 'e237fcb7317a04ac28ba8293d850ddad', '', '2018-12-14', 1, 1, '0000-00-00'),
(155, 'مشعل', '', '0555526698', 2, 3, '0de01c0d729ad96a8473b396f0d0091c', '', '2018-12-14', 1, 1, '0000-00-00'),
(156, 'ابو الوليد', '', '0599770936', 2, 3, '485f1f1236c9baea5e78b19c57291605', '', '2018-12-16', 1, 1, '0000-00-00'),
(157, 'سعد', '', '0532409429', 2, 3, 'cabde5123982195d8d0606e7fb567808', '', '2018-12-16', 1, 1, '0000-00-00'),
(158, 'عدنان الحربي', '', '0554794564', 2, 3, '69bfe0aee8060be41bcaec6cc5367d92', '', '2018-12-18', 1, 1, '0000-00-00'),
(159, 'محمد', '', '60076600', 2, 4, '95f3cddbf111eb5714a773eebcfcd6eb', '', '2018-12-18', 0, 1, '0000-00-00'),
(160, 'فلاح', '', '05007272303', 2, 3, '6a9e1986e6eabdf4d7825bead444ced2', '', '2018-12-19', 0, 1, '0000-00-00'),
(161, 'مؤيد', '', '0534748388', 2, 3, '3385ef3cb869398a6409b0380d8a2a6e', '', '2018-12-22', 1, 1, '0000-00-00'),
(162, 'سليمان', '', '0555263123', 2, 3, '8b427433847a4907b21d812505553183', '', '2018-12-24', 1, 1, '0000-00-00'),
(163, 'عمر ', '', '0502871344', 2, 3, '9fcbc049ae0d514f97db029b6e3e5047', '', '2018-12-27', 1, 1, '0000-00-00'),
(164, 'ابوعلي', '', '0506360660', 2, 3, 'e619b9de94f13693c1c31f17bc1075aa', '', '2018-12-29', 1, 1, '0000-00-00'),
(165, 'Waleed', '', '0555018019', 2, 5, '25a1fe8d910096ff4799fbc9c2367781', '', '2019-01-01', 1, 1, '0000-00-00'),
(166, 'فاطمة', '', '0565125058', 2, 6, 'd55ef84d916ea1843e790ee1a15237bf', '', '2019-01-02', 1, 1, '0000-00-00'),
(167, 'حمد العليان', '', '0541199896', 2, 3, 'c5f84f08d46fa79de1f6b08041d20e29', '', '2019-01-10', 1, 1, '0000-00-00'),
(168, 'test', '', '0109209370', 2, 3, 'e3db72cddb1a34c9f3031ee0cd9ab521', '', '2019-01-16', 0, 1, '0000-00-00'),
(169, 'حود', '', '0565037809', 2, 10, 'eabc02924ab531daafdd23890a8bc50e', '', '2019-01-20', 1, 1, '0000-00-00'),
(170, 'Rawan', '', '0540004486', 2, 4, '77467cad48ae41b38838d8fea927de1e', '', '2019-01-23', 1, 1, '0000-00-00'),
(171, 'عبدالله', '', '0544449725', 2, 5, 'aaeaac295ef0b757d46181464665dfb2', '', '2019-01-29', 1, 1, '0000-00-00'),
(172, 'brave', '', '0561237745', 2, 3, '77aa25d43d9ec71368b4614ab9694659', '', '2019-01-30', 1, 1, '0000-00-00'),
(173, 'assg ', '', '0567295554', 2, 3, 'cd0fa3575c1af48fb649ea381a757635', '', '2019-02-04', 1, 1, '0000-00-00'),
(174, 'ashraf', '', '1223846165', 2, 3, 'e3db72cddb1a34c9f3031ee0cd9ab521', '', '2019-02-06', 0, 1, '0000-00-00'),
(175, 'سند محمد البلوي', '', '0597600998', 2, 10, '6218254fa6c4aba5e1d70a227ae9f106', '', '2019-02-14', 1, 1, '0000-00-00'),
(176, 'كادي', '', '0583073747', 2, 3, '9e213318c6856ea961686e6917351f38', '', '2019-02-14', 1, 1, '0000-00-00'),
(177, 'Ioxiox.9', '', '00000000000000', 2, 7, 'c433f452bd328d7ccab3bcd24d173a47', '', '2019-02-28', 0, 1, '0000-00-00'),
(178, 'shyhanh1092', '', '0552897928', 2, 5, '8e903536c09dcfe094681b7ef712f45d', '', '2019-03-01', 1, 1, '0000-00-00'),
(179, 'هاله صلاح', '', '0541933576', 2, 7, '181c1d76b9f0f4a492dcba1035b06b4b', '', '2019-03-02', 1, 1, '0000-00-00'),
(180, 'منال ', '', '0550863269', 2, 4, 'a10e52763a98c843e562ddf241b8acc2', '', '2019-03-07', 1, 1, '0000-00-00'),
(181, 'عبدالله', '', '0531225225', 2, 5, '71bcb313f70e214378be2266ee9b80c3', '', '2019-03-24', 1, 1, '0000-00-00'),
(182, 'Nagi abdullh', '', '0533371751', 2, 4, '0a0743ee795e4a57b368e23b08cc85ee', '', '2019-03-29', 1, 1, '0000-00-00'),
(183, 'محمد سليمان  خميس العنزي', '', '0508136246', 2, 3, '760fe648b8b1aee46d8a6e924cd06e07', '', '2019-03-30', 1, 1, '0000-00-00'),
(184, 'Khalid alharbi', '', '0536924912', 2, 7, '771063998f288652d2b11480b1dfbda1', '', '2019-04-01', 1, 1, '0000-00-00'),
(185, 'Abdullaziz', '', '0552473413', 2, 4, 'e3db72cddb1a34c9f3031ee0cd9ab521', '', '2019-04-04', 1, 1, '0000-00-00'),
(186, 'عبدالرحمن', '', '0558336088', 2, 16, '1c442e04591631994611f592885250ae', '', '2019-04-07', 1, 1, '0000-00-00'),
(187, 'نوف ', '', '0550020863', 2, 5, 'bfbb28bb9b09ef994dd48d8ae9f64f4f', '', '2019-04-09', 1, 1, '0000-00-00'),
(188, 'مشاعل', '', '0556544308', 2, 3, '807ac7a870c29433e25707519800d273', '', '2019-04-09', 1, 1, '0000-00-00'),
(189, 'Sami', '', '0557230043', 2, 11, '26db25e76baabcd1c80e1aadffdcdd9b', '', '2019-04-11', 1, 1, '0000-00-00'),
(190, 'حمني المباركي', '', '0500693354', 2, 15, '0453a8ae21504ed5b68ce4b2d83af552', '', '2019-04-12', 1, 1, '0000-00-00'),
(191, 'فيصل', '', '0562770961', 2, 3, 'd4acf8d08cf33cf96802b89613324412', '', '2019-04-12', 1, 1, '0000-00-00'),
(192, 'انور العنزي', '', '0554792704', 2, 8, '5cecae132d976432634bc8c302ed9d33', '', '2019-04-16', 1, 1, '0000-00-00'),
(193, 'سعد', '', '0501956018', 2, 3, 'cabde5123982195d8d0606e7fb567808', '', '2019-04-21', 1, 1, '2019-04-22'),
(194, 'نهيل', '', '0532769355', 2, 3, '63811b501d790850a02ff4b89895ae62', '', '2019-04-23', 1, 1, '0000-00-00'),
(195, 'رهف', '', '0503567539', 2, 3, '19454022f6e64d1774e157df16e1ee3d', '', '2019-04-23', 1, 1, '0000-00-00'),
(196, 'اثير', '', '0555772519', 2, 3, '858824cfcb99645162cf7d4fa7940544', '', '2019-04-23', 1, 1, '0000-00-00'),
(197, 'فهد المطيري', '', '0534755005', 2, 3, '4793322d96af1532e1a4f202206fee0a', '', '2019-04-23', 1, 1, '0000-00-00'),
(198, 'محمد', '', '0508120018', 2, 3, '1e4d9365943034ed4685827ea06b678b', '', '2019-04-23', 1, 1, '0000-00-00'),
(199, 'ام عزام', '', '0562300055', 2, 4, '51ff8e28a2b5d3ada014abc90ab8a7df', '', '2019-04-23', 1, 1, '0000-00-00'),
(200, 'فيصل', '', '0533880057', 2, 4, 'a33decfd9084bc7bf9e42af603d57ad0', '', '2019-04-23', 1, 1, '0000-00-00'),
(201, 'حنان', '', '0536057281', 2, 3, '5559d95966f61686c7a8551386ed2af7', '', '2019-04-23', 1, 1, '0000-00-00'),
(202, 'سلمى فهد', '', '0551364389', 2, 3, 'd117f17c558a8244d94696994df86c65', '', '2019-04-23', 1, 1, '0000-00-00'),
(203, 'بشائر', '', '0580467812', 2, 3, '896f3a0ef1500f275f668f1acd64aa7a', '', '2019-04-23', 1, 1, '0000-00-00'),
(204, 'زهراء', '', '0554577259', 2, 3, '93d92b5712aafc5a71ceb666492e71ce', '', '2019-04-23', 1, 1, '0000-00-00'),
(205, 'ابراهيم بن علي الفريجي', '', '0555670333', 2, 3, '19faae398aa60745ca9423d62193b577', '', '2019-04-23', 1, 1, '0000-00-00'),
(206, 'Abeer', '', '0550731310', 2, 3, 'af29632059651e28f82c8a5a265312ed', '', '2019-04-23', 1, 1, '0000-00-00'),
(207, 'ام محمد ', '', '0504803552', 2, 4, 'be6a7a8fc35c53fe55d25edd69844a3c', '', '2019-04-23', 1, 1, '0000-00-00'),
(208, 'Nouf', '', '0537735282', 2, 3, '12f9a0460a02eebc9d7cb681b59518f3', '', '2019-04-23', 1, 1, '0000-00-00'),
(209, 'ام نواف', '', '0557722684', 2, 3, '30d3e467a3447cdba25bac589328c3f1', '', '2019-04-23', 1, 1, '0000-00-00'),
(210, 'Noraalmoosa', '', '0552697407', 2, 3, '907996ab411e0a5d0fbba6f01d6ea783', '', '2019-04-23', 1, 1, '0000-00-00'),
(211, 'ام فهد', '', '0544707197', 2, 3, 'fb309998a3e436b225e894594861dc77', '', '2019-04-23', 0, 1, '0000-00-00'),
(212, 'رهف', '', '0558091628', 2, 3, 'c6bc1000af820ece97c1e59b1463b85d', '', '2019-04-23', 1, 1, '0000-00-00'),
(213, 'aziz', '', '0567633378', 2, 3, '171f15f72b31f746560893a67ee6a8fa', '', '2019-04-23', 1, 1, '0000-00-00'),
(214, 'Shahad', '', '0508578182', 2, 3, '27837f5e9280d2af742f78c7858d1768', '', '2019-04-23', 1, 1, '0000-00-00'),
(215, 'راما  السبيعي ', '', '0507267571', 2, 3, 'c23791102a56138fe4be4ca7394a683e', '', '2019-04-23', 1, 1, '0000-00-00'),
(216, 'خلود', '', '0557386128', 2, 3, '0618a4d0afbce281d599485d43dd0dd9', '', '2019-04-24', 1, 1, '0000-00-00'),
(217, 'Fatomah', '', '0501888584', 2, 3, 'aa75eafca6501992813b759cacb1e717', '', '2019-04-24', 1, 1, '0000-00-00'),
(218, 'يوسف ', '', '0502901112', 2, 3, 'f79f6bdd95a21e04d3cfd28bae7f3c51', '', '2019-04-24', 1, 1, '0000-00-00'),
(219, 'خالد', '', '0554648740', 2, 3, 'a89df7f04e75989d7d828dd8fd0cf52d', '', '2019-04-24', 1, 1, '0000-00-00'),
(220, 'اشواق', '', '0531817782', 2, 3, '558648bdc1f494e20655330c286f80eb', '', '2019-04-24', 0, 1, '0000-00-00'),
(221, 'حصة', '', '0537939293', 2, 3, '50394e3013936519e0b0949b67a5425d', '', '2019-04-24', 1, 1, '0000-00-00'),
(222, 'ام جود ', '', '0560894503', 2, 3, 'b562baea5f2a1cf6589909614b82cad5', '', '2019-04-24', 0, 1, '0000-00-00'),
(223, 'مرام ', '', '0550679057', 2, 3, 'b12ffa4aec07d46f77bd8bac154c4074', '', '2019-04-24', 0, 1, '0000-00-00'),
(224, 'njd ', '', '0537432983', 2, 3, '7325b432e22c44982be5e55e332cc1f9', '', '2019-04-24', 1, 1, '0000-00-00'),
(225, 'رغد سالم ', '', '0532059378', 2, 3, 'e40b9c74e6070c33b6508b7f370da101', '', '2019-04-24', 1, 1, '0000-00-00'),
(226, 'صفية', '', '0504646574', 2, 3, 'd4f19601c0d7e71a9331b6619746d651', '', '2019-04-24', 1, 1, '0000-00-00'),
(227, 'huda', '', '0536887655', 2, 3, 'a168ccbf2335d9d9c515c6c324c97250', '', '2019-04-24', 1, 1, '0000-00-00'),
(228, 'ابو زياد', '', '0552339699', 2, 3, 'fd51e4e8018cf8282c94d2d1bb8810d3', '', '2019-04-24', 1, 1, '0000-00-00'),
(229, 'أم سليمان', '', '0557363332', 2, 3, '3a49f0fb160ce545a23785ae7217aa3c', '', '2019-04-24', 1, 1, '0000-00-00'),
(230, 'ملاك', '', '0580860226', 2, 3, 'db3c4747a9d8dbca0524ccf404e26a24', '', '2019-04-24', 1, 1, '0000-00-00'),
(231, 'Rawabi', '', '0536389453', 2, 3, '8136a37dfaae0b0323c92b80dfe7e7c1', '', '2019-04-24', 1, 1, '0000-00-00'),
(232, 'نوف', '', '0552465700', 2, 3, 'f2ab983688a5d2e9bddee0478e17bf5c', '', '2019-04-24', 1, 1, '0000-00-00'),
(233, 'عبدالله', '', '0556886425', 2, 3, '0453a8ae21504ed5b68ce4b2d83af552', '', '2019-04-24', 0, 1, '0000-00-00'),
(234, 'ام عبدالله', '', '0503041502', 2, 3, '0453a8ae21504ed5b68ce4b2d83af552', '', '2019-04-24', 1, 1, '0000-00-00'),
(235, 'اسامه السابح', '', '533579130', 2, 3, '0b002560baf03416004bb62987f78714', '', '2019-04-24', 1, 1, '0000-00-00'),
(236, 'Aziz', '', '0541384683', 2, 3, '1df5b8e864a1448f2daa08e256104e4e', '', '2019-04-24', 1, 1, '0000-00-00'),
(237, 'فهد الحربي', '', '0545188868', 2, 3, '3598bdd356a3dd0bcf0e673e94acea15', '', '2019-04-24', 1, 1, '0000-00-00'),
(238, 'maryam', '', '0551474176', 2, 3, '76c730598c152790900dff4e86a410e9', '', '2019-04-24', 1, 1, '0000-00-00'),
(239, 'بيلسان ', '', '0537116856', 2, 3, '4523bf47241337894a1191f84a18a6d5', '', '2019-04-24', 1, 1, '0000-00-00'),
(240, 'ali saleh ali alshiqafah', '', '0558333974', 2, 7, 'e65eaa79901a2127ee868f3927aa6f33', '', '2019-04-25', 1, 1, '0000-00-00'),
(241, 'Reema', '', '0532508210', 2, 3, '4ce16941235f8a0956935b1c0508970c', '', '2019-04-25', 1, 1, '0000-00-00'),
(242, 'Bander', '', '0556672692', 2, 3, 'd242addb4173b63b5f2b12c43c00300e', '', '2019-04-25', 1, 1, '0000-00-00'),
(243, 'نانا', '', '0539311049', 2, 7, 'd35d5863b3a829c1cc281cabd5138989', '', '2019-04-26', 1, 1, '0000-00-00'),
(244, 'عبدالله ابراهيم ', '', '0532760889', 2, 3, 'b85680910fda384cfefbf202247c3f03', '', '2019-04-26', 1, 1, '0000-00-00'),
(245, 'عبد العزيز العتيبي', '', '0599558042', 2, 6, '0d13508979c392c680c3da8c9d4f58dd', '', '2019-04-27', 1, 1, '0000-00-00'),
(246, 'محمد', '', '0545598829', 2, 6, 'a2347de532784bb34a82605b936b4694', '', '2019-04-27', 1, 1, '0000-00-00'),
(247, 'saad', '', '0508336036', 2, 6, '0b8838d36b575c5ea7ccb4d06a33f9ae', '', '2019-04-27', 1, 1, '0000-00-00'),
(248, 'صقر الحربي', '', '05782050', 2, 3, 'a50d2b0f69c4a6d1a736ae2733a680cf', '', '2019-04-27', 0, 1, '0000-00-00'),
(249, 'صقر الحربي', '', '0578392050', 2, 3, 'a50d2b0f69c4a6d1a736ae2733a680cf', '', '2019-04-27', 1, 1, '0000-00-00'),
(250, 'محمد العتيبي', '', '0550810777', 2, 7, '37983803b2e217e8ffe523e25488d1e5', '', '2019-04-28', 1, 1, '0000-00-00'),
(251, 'سمير ', '', '0535457367', 2, 6, 'ef1d115adc7fe90d321e47feb85e3c5b', '', '2019-04-29', 1, 1, '0000-00-00'),
(252, 'محمد الحربي', '', '0547661941', 2, 4, '48e81166a402f99faac05492a593f981', '', '2019-04-29', 0, 1, '0000-00-00'),
(253, 'فاطمه حسن محمد هزازي', '', '0564931103', 2, 10, '2d4311d8bdbf20fad9af7265fa3e69fe', '', '2019-04-29', 0, 1, '0000-00-00'),
(254, 'ياسر ', '', '0500444741', 2, 3, '5d3d6fafed1b3189dd5c372d7ede91c1', '', '2019-04-29', 1, 1, '0000-00-00'),
(255, 'عبدالله ', '', '0561747888', 2, 11, '9c1110c1324c3fb8db082b5a58463174', '', '2019-05-01', 1, 1, '0000-00-00'),
(256, 'مريم', '', '0562087917', 2, 3, 'b39314cd68e5ea3f235d56f27a1e8c91', '', '2019-05-01', 1, 1, '0000-00-00'),
(257, 'جعفر الناصر', '', '0590017797', 2, 6, '9ec1f0af6be2106216137f723c32e73d', '', '2019-05-02', 1, 1, '0000-00-00'),
(258, 'ashraf', '', '01223846165', 2, 5, 'a1c16b6dd59e7abbc52c24537eeab6f0', '', '2019-05-02', 1, 1, '0000-00-00'),
(259, 'لولو', '', '0554668312', 2, 3, 'f96620619ca756254e07bf31d84f8b85', '', '2019-05-03', 1, 1, '0000-00-00'),
(260, 'Firas', '', '0560700052', 2, 7, '2a87fd8e891dcfe27393b87ba53f3f7a', '', '2019-05-04', 1, 1, '0000-00-00'),
(261, 'Mordi', '', '0558800028', 2, 4, '8d7b9f2f953f891dad8bd3d10a2d1ef4', '', '2019-05-04', 1, 1, '0000-00-00'),
(262, 'Khaled', '', '0552770001', 2, 7, 'a106e64c60b383dbdba6a554db8387d4', '', '2019-05-05', 1, 1, '0000-00-00'),
(263, 'سفانة ', '', '0556076110', 2, 3, '0f979ff34a5d8dc75b97a88a7e8cdd55', '', '2019-05-05', 1, 1, '0000-00-00'),
(264, 'محمد', '', '0559197434', 2, 5, '51791f95e6f4a6839ca5b63abfcf10e3', '', '2019-05-05', 1, 1, '0000-00-00'),
(265, 'عبدالوهاب', '', '0547194444', 2, 9, '141ce3af2227c785c563306b5ce4f64a', '', '2019-05-06', 1, 1, '0000-00-00'),
(266, 'احمد', '', '0542051054', 2, 4, '20b63eb6d923843efbc1bea4497a4a24', '', '2019-05-08', 1, 1, '0000-00-00'),
(267, 'ثامر الحربي', '', '0533970239', 2, 3, 'b908c7be89ef85f12f7dd1af3bfaf078', '', '2019-05-13', 1, 1, '0000-00-00'),
(268, 'waad', '', '0506078748', 2, 4, '11cddf209d68d62202dcc20eab562742', '', '2019-05-14', 1, 1, '0000-00-00'),
(269, 'محمد', '', '966504411432', 2, 4, '418747955b3ca192723eef60190825d5', '', '2019-05-20', 1, 1, '0000-00-00'),
(270, 'Abdullah', '', '0550174227', 2, 10, 'a89df7f04e75989d7d828dd8fd0cf52d', '', '2019-05-27', 0, 1, '0000-00-00'),
(271, 'Fiber Store', '', '0559814866', 2, 13, '09b0bc2493c7875538cf74c5c8cf5432', '', '2019-05-30', 0, 1, '0000-00-00'),
(272, 'محمد', '', '0509716043', 2, 3, 'e60a3dffd33d1accc192aa69efb6113a', '', '2019-06-02', 0, 1, '0000-00-00'),
(273, 'خالد', '', '0544488018', 2, 3, 'b1eb5560c4f0a76f8e6955e01902783d', '', '2019-06-07', 0, 1, '0000-00-00'),
(274, 'kvo_m', '', '541114161', 2, 4, 'd62858c51d44f4dfba06a55d4f4dc0c5', '', '2019-06-22', 0, 1, '0000-00-00'),
(275, 'عبدالله ', '', '0501025125', 2, 6, '7d3957ed7d68fc9e5fe3ff8d5682a0dc', '', '2019-06-29', 0, 1, '0000-00-00'),
(276, 'ام معتصم', '', '0542212189', 2, 5, '0daa68f9865b9243bff7c477f00adbbe', '', '2019-07-08', 0, 1, '0000-00-00'),
(277, 'علي', '', '66558355', 2, 5, '47619454f422a7862cd3eb7ec986fc79', '', '2019-07-10', 0, 1, '0000-00-00'),
(278, 'Fawziah', '', '0531139123', 2, 3, '49f6c2357b9bb61f52e7b4a374057e1d', '', '2019-07-12', 0, 1, '0000-00-00'),
(279, 'Mohamed salah', '', '01205144278', 2, 4, 'fddee1eb9a4ed2121724e7ab72867222', '', '2019-07-15', 0, 1, '0000-00-00'),
(280, ' Mohamed', '', '0201205144278', 2, 5, 'fddee1eb9a4ed2121724e7ab72867222', '', '2019-07-15', 0, 1, '0000-00-00'),
(281, 'حسن سعيد', '', '0535284412', 2, 5, '028d5e836f2a2856156b15624a5dca1f', '', '2019-07-26', 0, 1, '0000-00-00'),
(282, 'عهود', '', '0541890968', 2, 4, '5dfd2502a2faf31f8f1a5b98512837bc', '', '2019-08-02', 0, 1, '0000-00-00'),
(283, 'هاني الشوملي ', '', '0541173889', 2, 6, '6466b7419cdcec6c61f44dfda0d698a6', '', '2019-08-07', 0, 1, '0000-00-00'),
(284, 'Hani shomali', '', '966541173889', 2, 6, '6466b7419cdcec6c61f44dfda0d698a6', '', '2019-08-07', 0, 1, '0000-00-00'),
(285, 'mohamad', '', '00966506980030', 2, 8, 'b907e4be59abe088d4643a8a5970cf86', '', '2019-08-13', 0, 1, '0000-00-00'),
(286, 'Nony', '', '0564106006', 2, 9, 'd4ddd18b80a4ece9a948fc39ef03aef0', '', '2019-08-13', 0, 1, '0000-00-00'),
(287, 'وفاء المطيري', '', '0558872379', 2, 3, '1261b3e9f7155434885d1278e204ba0d', '', '2019-11-13', 0, 1, '0000-00-00');

-- --------------------------------------------------------

--
-- Table structure for table `customer_favourites`
--

CREATE TABLE `customer_favourites` (
  `id` int(11) NOT NULL,
  `user_id` int(11) NOT NULL,
  `product_id` int(11) NOT NULL,
  `created_at` date NOT NULL
) ENGINE=MyISAM DEFAULT CHARSET=latin1;

--
-- Dumping data for table `customer_favourites`
--

INSERT INTO `customer_favourites` (`id`, `user_id`, `product_id`, `created_at`) VALUES
(31, 46, 58, '2018-11-27'),
(30, 21, 103, '2018-11-11'),
(29, 37, 102, '2018-11-09'),
(28, 12, 74, '2018-11-08'),
(14, 12, 48, '2018-10-02'),
(25, 1, 72, '2018-10-22'),
(26, 1, 79, '2018-10-22'),
(27, 1, 82, '2018-10-22'),
(33, 66, 79, '2018-12-04'),
(34, 12, 122, '2018-12-07'),
(35, 108, 101, '2018-12-12'),
(36, 12, 132, '2018-12-12'),
(38, 153, 125, '2018-12-14'),
(39, 157, 104, '2018-12-16'),
(40, 167, 133, '2019-02-07'),
(41, 165, 58, '2019-02-20'),
(42, 165, 101, '2019-02-20'),
(43, 165, 92, '2019-02-20'),
(44, 165, 85, '2019-02-20'),
(45, 165, 16, '2019-02-20'),
(46, 165, 59, '2019-02-20'),
(47, 165, 126, '2019-02-20'),
(48, 181, 135, '2019-03-24'),
(49, 181, 59, '2019-03-24'),
(50, 181, 128, '2019-03-25'),
(51, 193, 104, '2019-04-21'),
(52, 193, 117, '2019-04-21'),
(53, 193, 90, '2019-04-21'),
(54, 193, 89, '2019-04-21'),
(55, 193, 88, '2019-04-21'),
(56, 193, 107, '2019-04-21'),
(57, 193, 58, '2019-04-21'),
(58, 193, 118, '2019-04-21'),
(59, 193, 119, '2019-04-21'),
(63, 193, 22, '2019-04-23'),
(61, 193, 47, '2019-04-22'),
(62, 193, 59, '2019-04-22'),
(64, 245, 117, '2019-04-27'),
(65, 247, 109, '2019-05-03');

-- --------------------------------------------------------

--
-- Table structure for table `delivering_methods`
--

CREATE TABLE `delivering_methods` (
  `id` int(11) NOT NULL,
  `name` varchar(255) NOT NULL,
  `created_at` date NOT NULL,
  `updated_at` date NOT NULL
) ENGINE=InnoDB DEFAULT CHARSET=utf8;

--
-- Dumping data for table `delivering_methods`
--

INSERT INTO `delivering_methods` (`id`, `name`, `created_at`, `updated_at`) VALUES
(1, 'توصيل للمنزل (فقط في مدينة بريدة)', '0000-00-00', '2018-08-26'),
(4, 'ارمكس', '2018-11-14', '0000-00-00');

-- --------------------------------------------------------

--
-- Table structure for table `keys`
--

CREATE TABLE `keys` (
  `id` int(11) NOT NULL,
  `user_id` int(11) NOT NULL,
  `key` varchar(40) NOT NULL,
  `level` int(2) NOT NULL,
  `ignore_limits` tinyint(1) NOT NULL DEFAULT '0',
  `is_private_key` tinyint(1) NOT NULL DEFAULT '0',
  `ip_addresses` text,
  `date_created` datetime NOT NULL
) ENGINE=InnoDB DEFAULT CHARSET=utf8;

--
-- Dumping data for table `keys`
--

INSERT INTO `keys` (`id`, `user_id`, `key`, `level`, `ignore_limits`, `is_private_key`, `ip_addresses`, `date_created`) VALUES
(1, 0, '1qaz2wsx3edc4rfv5tgb', 0, 0, 0, NULL, '2017-10-12 13:34:33');

-- --------------------------------------------------------

--
-- Table structure for table `main_orders`
--

CREATE TABLE `main_orders` (
  `id` int(11) NOT NULL,
  `customer_id` int(11) NOT NULL,
  `total` int(11) NOT NULL,
  `address` varchar(255) CHARACTER SET utf8 NOT NULL,
  `latitude` varchar(255) CHARACTER SET utf8 NOT NULL,
  `langitude` varchar(255) CHARACTER SET utf8 NOT NULL,
  `confirmation_status` int(11) NOT NULL COMMENT '0 = pending, 1 = rejected, 2 = confirmed',
  `payment_method_id` int(11) NOT NULL,
  `payment_status` tinyint(4) NOT NULL COMMENT '0 = not_paid, 1 = paid',
  `transfer_name` varchar(255) CHARACTER SET utf8 DEFAULT NULL,
  `money_transfered` varchar(255) DEFAULT NULL,
  `transfer_type` tinyint(4) DEFAULT NULL COMMENT '0 = same_bank, 1 = another_bank ',
  `transfer_date` varchar(255) DEFAULT NULL,
  `created_at` date NOT NULL
) ENGINE=MyISAM DEFAULT CHARSET=latin1;

--
-- Dumping data for table `main_orders`
--

INSERT INTO `main_orders` (`id`, `customer_id`, `total`, `address`, `latitude`, `langitude`, `confirmation_status`, `payment_method_id`, `payment_status`, `transfer_name`, `money_transfered`, `transfer_type`, `transfer_date`, `created_at`) VALUES
(1, 1, 900, '82 شارع المنتزه', '30.222', '30.222', 1, 1, 0, '', '', 0, '2018-10-19', '2018-10-28'),
(2, 12, 394, '', '', '', 1, 2, 0, 'P', '0300', 0, '2018-11-29T06:17:01.001Z', '2018-10-29'),
(3, 12, 3880, 'الرياض', '', '', 1, 2, 0, 'Hdhdbdb', '0200', 0, '2018-11-29T06:05:01.001Z', '2018-10-29'),
(4, 1, 12759, 'عنوان جديد داخل مدينة القاهرة الجديدة', '', '', 1, 2, 0, '????? ???? ????', '12759', 0, '2018-11-04', '2018-11-04'),
(5, 1, 58790, 'عنوان جديد داخل مدينة القاهرة الجديدة', '', '', 1, 1, 0, '', '', NULL, '2018-11-04', '2018-11-04'),
(6, 1, 90987, 'عنوان جديد داخل مدينة القاهرة الجديدة', '', '', 1, 1, 0, '', '', NULL, '2018-11-04', '2018-11-04'),
(7, 1, 90987, 'عنوان جديد داخل مدينة القاهرة الجديدة', '', '', 1, 1, 0, '', '', NULL, '2018-11-04', '2018-11-04'),
(8, 1, 8615, 'عنوان جديد داخل مدينة القاهرة الجديدة', '', '', 1, 1, 0, '', '', NULL, '2018-11-04', '2018-11-04'),
(9, 1, 8615, 'عنوان جديد داخل مدينة القاهرة الجديدة', '', '', 1, 1, 0, '', '', NULL, '2018-11-04', '2018-11-04'),
(10, 1, 8615, 'عنوان جديد داخل مدينة القاهرة الجديدة', '', '', 1, 1, 0, '', '', NULL, '2018-11-04', '2018-11-04'),
(11, 1, 8844, 'عنوان جديد داخل مدينة القاهرة الجديدة', '', '', 1, 1, 0, '', '', NULL, '2018-11-04', '2018-11-04'),
(12, 1, 8859, 'عنوان جديد داخل مدينة القاهرة الجديدة', '', '', 1, 1, 1, '', '', NULL, '2018-11-04', '2018-11-04'),
(13, 1, 8615, 'عنوان جديد داخل مدينة القاهرة الجديدة', '', '', 1, 1, 1, '', '', NULL, '2018-11-04', '2018-11-04'),
(14, 1, 6275, 'عنوان جديد داخل مدينة القاهرة الجديدة', '', '', 1, 1, 1, '', '', NULL, '2018-11-04', '2018-11-04'),
(15, 37, 1014, 'القصيم بريده الربوه ', '', '', 2, 2, 0, 'عبدالجاسر ', '1014', 0, '2018-12-09T16:03:01.001Z', '2018-11-09'),
(16, 97, 414, 'خلف مصنع البيبسي', '', '', 0, 2, 0, 'نادر الرشيدي', '???', 0, '2019-01-13T14:10:01.001Z', '2018-12-13'),
(17, 153, 5229, 'صامطه', '', '', 1, 2, 0, 'عبدالرحمن ابراهيم الكباركي', '200', 0, '2019-01-31T05:00:01.001Z', '2018-12-14'),
(18, 153, 5229, 'صامطه', '', '', 0, 2, 0, 'عبدالرحمن المباركي', '200', 0, '2019-01-31T05:00:01.001Z', '2018-12-14'),
(19, 1, 295, 'عنوان جديد داخل مدينة القاهرة الجديدة', '', '', 0, 1, 0, '', '', NULL, '2019-02-06', '2019-02-06'),
(20, 1, 84, 'عنوان جديد داخل مدينة القاهرة الجديدة', '', '', 0, 1, 0, '', '', NULL, '2019-02-06', '2019-02-06'),
(21, 234, 244, 'حي الخليج ', '', '', 0, 1, 0, '', '', NULL, '2019-04-24', '2019-04-24'),
(22, 36, 475, 'بريدة  طريق القاع البارد ', '', '', 1, 2, 0, 'معاذ', '100', 0, '2019-04-01T00:44:01.001Z', '2019-05-01'),
(23, 267, 175, 'بريده شارع الامام مسلم', '', '', 0, 2, 0, 'سلطانه سعود الحربي', '175', 0, '2019-06-20T19:12:01.001Z', '2019-05-14'),
(24, 36, 285, 'بريدة', '', '', 0, 2, 0, 'معاذ', '285', 0, '2019-06-16T18:31:01.001Z', '2019-05-16'),
(25, 1, 4000, 'wewqe', '', '', 0, 1, 1, 'as', '', 0, '2019-7-18', '2019-07-18'),
(26, 1, 4000, 'wewqe', '', '', 0, 1, 1, 'as', '', 0, '2019-7-18', '2019-07-18'),
(27, 12, 773, 'Test', '', '', 0, 1, 1, '', '0', 0, '', '2019-11-07'),
(28, 12, 3999, 'Test', '', '', 0, 1, 1, '', '0', 0, NULL, '2019-11-13'),
(29, 12, 7, 'بريدة', '', '', 0, 1, 1, '', '0', 0, '', '2019-11-14'),
(30, 12, 7, 'بريدة', '', '', 0, 1, 1, '', '0', 0, '', '2019-11-14'),
(31, 12, 7, 'بريدة', '', '', 0, 1, 1, '', '0', 0, '', '2019-11-14');

-- --------------------------------------------------------

--
-- Table structure for table `merchants`
--

CREATE TABLE `merchants` (
  `id` int(11) NOT NULL,
  `full_name` varchar(255) NOT NULL,
  `store_name` varchar(255) NOT NULL,
  `email` varchar(255) NOT NULL,
  `phone` varchar(255) NOT NULL,
  `country_id` int(11) NOT NULL,
  `city_id` int(11) NOT NULL,
  `password` varchar(255) NOT NULL,
  `bank_name` varchar(255) NOT NULL,
  `iban_account` varchar(255) NOT NULL,
  `commercial_register` varchar(255) DEFAULT NULL,
  `credit` double NOT NULL,
  `image` text NOT NULL,
  `status` tinyint(4) NOT NULL COMMENT '0 = unverified, 1 = verified',
  `confirmed` int(11) NOT NULL COMMENT '0 = not_confirmed, 1 = confirmed',
  `created_at` date NOT NULL,
  `updated_at` date NOT NULL
) ENGINE=InnoDB DEFAULT CHARSET=utf8;

--
-- Dumping data for table `merchants`
--

INSERT INTO `merchants` (`id`, `full_name`, `store_name`, `email`, `phone`, `country_id`, `city_id`, `password`, `bank_name`, `iban_account`, `commercial_register`, `credit`, `image`, `status`, `confirmed`, `created_at`, `updated_at`) VALUES
(16, 'مخزن', 'مخزن', 'Muathali440@gmail.com', '966507717440', 2, 3, 'e3db72cddb1a34c9f3031ee0cd9ab521', 'مصرف الراجحي', '407608010120011', '', 28271, '5bebd1c87326a.jpg', 1, 1, '2018-08-21', '2018-11-14'),
(17, 'رنات التميز للاتصالات', 'رنات التميز للاتصالات', 'rannatcom@gmail.com', '0580859595', 2, 3, '90437db76228d0eefd8e529cc99da5a9', ' الراجحي', '192608010999942', '', 0, '', 1, 1, '2018-10-06', '0000-00-00'),
(18, 'مهند', 'متجري ', 'test@gmail.com', '01014863952', 2, 3, 'e3db72cddb1a34c9f3031ee0cd9ab521', ' الراجحي', '192608010999942', '', 5000, '8008374.jpg', 1, 1, '2018-10-06', '0000-00-00'),
(19, 'امير توفيق', 'الامير للاي او اس ', 'amir@wisyst.com', '01001598248', 2, 3, 'e3db72cddb1a34c9f3031ee0cd9ab521', 'cib', '7968548125468', '21456423156', 0, '', 1, 1, '2018-10-15', '0000-00-00'),
(20, 'اختبار التطبيق', 'اختبار', 'test@test.com', '01065233214', 2, 3, 'e3db72cddb1a34c9f3031ee0cd9ab521', 'بنك', '12541235841', '21848451855', 0, '', 1, 1, '2018-10-15', '0000-00-00'),
(36, 'اختبار جديد', 'متجر جديد', '', '0580859544', 2, 3, '939a0cef8b7c54974297ac8a1d5e6cd4', 'بنك جديد', '54548645654754', '564588754456121', 0, '', 1, 1, '2018-10-30', '0000-00-00'),
(37, 'اختبار جديد5', 'متجر جديد', '', '0580859588', 2, 3, 'e3db72cddb1a34c9f3031ee0cd9ab521', 'بنك جديد', '5456456', '547854545', 0, '', 0, 1, '2018-10-30', '0000-00-00'),
(38, 'اختبار جديد', 'متجر جديد', '', '0580859555', 2, 13, 'e3db72cddb1a34c9f3031ee0cd9ab521', 'بنك جديد', '56452156', NULL, 0, '', 0, 0, '2018-11-07', '0000-00-00'),
(39, 'ممدوح بندر المطيري', 'medo_shoop', 'mamdooh_2011@hotmail.com', '0555924901', 2, 4, '72e3c54e7170c9a133568502dd590438', 'بنك الراجحي', '377000010008060190663', '', 0, '', 0, 0, '2019-02-09', '0000-00-00'),
(40, 'محمد العتيبي', 'بطاقاتي اساس الوجية ', 'asas.alwajeeh@gmail.com', '00966550810777', 2, 7, '37983803b2e217e8ffe523e25488d1e5', 'الاهلي', '10564945000101', '', 0, '', 1, 0, '2019-04-28', '0000-00-00');

-- --------------------------------------------------------

--
-- Table structure for table `merchants_delivering_methods`
--

CREATE TABLE `merchants_delivering_methods` (
  `id` int(11) NOT NULL,
  `merchant_id` int(11) NOT NULL,
  `method_id` int(11) NOT NULL,
  `price` int(11) NOT NULL,
  `created_at` date NOT NULL
) ENGINE=MyISAM DEFAULT CHARSET=latin1;

--
-- Dumping data for table `merchants_delivering_methods`
--

INSERT INTO `merchants_delivering_methods` (`id`, `merchant_id`, `method_id`, `price`, `created_at`) VALUES
(70, 18, 3, 50, '2018-12-05'),
(7, 1, 1, 210, '2018-08-06'),
(11, 1, 3, 450, '2018-09-02'),
(68, 16, 4, 0, '2018-11-14'),
(69, 18, 1, 30, '2018-12-05'),
(64, 16, 3, 15, '2018-10-31'),
(63, 16, 1, 0, '2018-10-31');

-- --------------------------------------------------------

--
-- Table structure for table `mobile_numbers`
--

CREATE TABLE `mobile_numbers` (
  `id` int(11) NOT NULL,
  `mobile_number` varchar(50) CHARACTER SET utf8 NOT NULL,
  `verification_code` varchar(10) CHARACTER SET utf8 NOT NULL,
  `verified` tinyint(1) NOT NULL DEFAULT '0' COMMENT '1=Verified, 0=Not verified'
) ENGINE=InnoDB DEFAULT CHARSET=utf8 COLLATE=utf8_unicode_ci;

--
-- Dumping data for table `mobile_numbers`
--

INSERT INTO `mobile_numbers` (`id`, `mobile_number`, `verification_code`, `verified`) VALUES
(3, '01014863952', '123456', 1),
(10, '201236987485', 'jeixfy', 1),
(14, '201236987411', 'zheobv', 1),
(15, '966507717511', 'lmshui', 1),
(16, '905397069555', 'xhpyse', 0),
(17, '905397069555', 'akgsrw', 0),
(18, '905397069555', 'wlgvuw', 0),
(19, '905397069555', 'wacgek', 0),
(20, '905397069555', 'qavmmq', 0),
(21, '905397069555', 'mwouck', 1),
(22, '905397069555', 'mqoffe', 0),
(23, '905397069555', 'fpzfrl', 0),
(24, '905397069555', 'gadacn', 0),
(25, '966504411432', 'lryafs', 1),
(26, '966507717440', 'jdwenr', 1),
(27, '966507717440', 'cmsalx', 1),
(28, '966507717440', 'cdoyzn', 0),
(29, '966507717440', 'lhcmya', 0),
(30, '966507717440', 'ilssoa', 0),
(31, '966507717440', 'ecadso', 0),
(32, '966507717440', 'tiyury', 0),
(33, '966507717440', 'wljgwh', 0),
(34, '966507717440', 'ntdcbz', 0),
(35, '966507717440', 'zizcdt', 0),
(36, '966507717440', 'hcyggd', 0),
(37, '0509717440', '068492', 1),
(38, '0596248772', '256954', 1),
(40, '0553344685', '180104', 1),
(42, '0556717440', '852943', 1),
(43, '966550551080', '168868', 0),
(44, '966550551080', '367183', 0),
(45, '966550551080', '791656', 0),
(46, '966550551080', '617962', 0),
(47, '0533460818', '026925', 1),
(48, '0555074431', '665339', 1),
(49, '0563918008', '891262', 1),
(50, '0535145149', '300348', 1),
(51, '0552836517', '483088', 1),
(52, '0507013888', '789415', 1),
(53, '0567319993', '655850', 1),
(54, '0551156265', '173350', 1),
(55, '966507717440', 'jdwenr', 0),
(62, '0661796257', '499836', 0),
(64, '0553024451', '442357', 0),
(69, '0580859588', '357334', 0),
(72, '966550551080', '168868', 0),
(73, '966507717440', 'jdwenr', 0),
(76, '0580859555', '125721', 0),
(95, '966505147563', '783309', 0),
(110, '966554166466', '385317', 0),
(112, '966554166466', '385317', 0),
(153, '1234', '559445', 0),
(181, '123123', '848069', 0),
(222, '1406', '379415', 0),
(227, '966507717440', 'jdwenr', 0),
(235, '966550551080', '168868', 0),
(236, '966507717440', 'jdwenr', 0),
(237, '966550551080', '168868', 0),
(238, '0532409429', '116701', 0),
(257, '0544707197', '687102', 0),
(258, '0544707197', '687102', 0),
(267, '0531817782', '767663', 0),
(278, '0556886425', '288330', 0),
(279, '0556886425', '288330', 0),
(280, '0556886425', '288330', 0),
(283, '0556886425', '288330', 0),
(303, '966507717440', 'jdwenr', 0),
(304, '966507717440', 'jdwenr', 0),
(305, '966507717440', 'jdwenr', 0),
(308, '01223846165', '123456', 0),
(311, '966507717440', 'jdwenr', 0),
(312, '966507717440', 'jdwenr', 0),
(313, '966507717400', '388389', 0),
(316, '966504411432', 'lryafs', 0),
(317, '966504411444', '336514', 0),
(318, '966504411432', 'lryafs', 0),
(329, '0504411432', '315217', 0),
(330, '966507717440', 'jdwenr', 0),
(331, '966507717440', 'jdwenr', 0),
(332, '0022244999991', '349776', 0);

-- --------------------------------------------------------

--
-- Table structure for table `news_letter`
--

CREATE TABLE `news_letter` (
  `id` int(11) NOT NULL,
  `email` varchar(255) NOT NULL,
  `created_at` date NOT NULL
) ENGINE=InnoDB DEFAULT CHARSET=utf8;

--
-- Dumping data for table `news_letter`
--

INSERT INTO `news_letter` (`id`, `email`, `created_at`) VALUES
(1, 'mohanad.ghalab@gmail.com', '2018-09-16'),
(3, 'amir@wisyst.com', '2018-09-16'),
(4, 'mohannad.m@wisyst.com', '2018-09-16'),
(5, 'amir2@wisyst.com', '2018-11-04'),
(17, 'ahmed@gmail.com', '2018-11-05'),
(18, 'a.a.toot7@gmail.com', '2019-04-23'),
(19, 'hade.1212@icloud.com', '2019-04-24'),
(20, 'hmed5002@hotmail.com', '2019-04-24'),
(21, 'Mo3a77@hotmail.com', '2019-04-29'),
(22, 'abooodya791@gmail.com', '2019-05-17');

-- --------------------------------------------------------

--
-- Table structure for table `orders_statuses`
--

CREATE TABLE `orders_statuses` (
  `id` int(11) NOT NULL,
  `name` varchar(255) CHARACTER SET utf8 NOT NULL,
  `created_at` date NOT NULL
) ENGINE=MyISAM DEFAULT CHARSET=latin1;

--
-- Dumping data for table `orders_statuses`
--

INSERT INTO `orders_statuses` (`id`, `name`, `created_at`) VALUES
(1, 'بالانتظار', '0000-00-00'),
(2, 'جاري تجهيز الطلب', '0000-00-00'),
(3, 'تم شحن الطلب', '0000-00-00'),
(4, 'تم استلام الطلب', '0000-00-00');

-- --------------------------------------------------------

--
-- Table structure for table `order_items`
--

CREATE TABLE `order_items` (
  `id` int(11) NOT NULL,
  `product_id` int(11) NOT NULL,
  `product_name` varchar(255) CHARACTER SET utf8 NOT NULL,
  `product_color` varchar(255) CHARACTER SET utf8 NOT NULL,
  `product_price` varchar(255) CHARACTER SET utf8 NOT NULL,
  `main_order_id` int(11) NOT NULL,
  `sub_order_id` int(11) NOT NULL,
  `quantity` int(11) NOT NULL,
  `total` varchar(255) CHARACTER SET utf8 NOT NULL
) ENGINE=MyISAM DEFAULT CHARSET=latin1;

--
-- Dumping data for table `order_items`
--

INSERT INTO `order_items` (`id`, `product_id`, `product_name`, `product_color`, `product_price`, `main_order_id`, `sub_order_id`, `quantity`, `total`) VALUES
(1, 1, 'واوي جي ار 3 2017', 'احمر', '150', 1, 1, 1, '150'),
(2, 3, 'apple iphone x', 'احمر', '150', 1, 1, 1, '150'),
(3, 58, 'تاب huawei mediapad t3 7.0', 'رمادي', '379', 2, 2, 1, '379'),
(4, 19, 'ايفون x قيقا 64', 'اسود', '3850', 3, 3, 1, '3850'),
(5, 82, 'اوكس EONE AUX', '', '19', 4, 4, 2, '38'),
(6, 19, 'ايفون x قيقا 64', '', '3850', 4, 4, 1, '3850'),
(7, 60, 'G TIDE MODEL G28تابلت جي تايد', '', '229', 4, 4, 23, '5267'),
(8, 61, 'nokia 8110نوكيا  ', '', '299', 4, 4, 1, '299'),
(9, 61, 'nokia 8110نوكيا  ', '', '299', 5, 5, 22, '6578'),
(10, 19, 'ايفون x قيقا 64', '', '3850', 5, 5, 12, '46200'),
(11, 16, 'وصلة اتش دي واي فاي عن بعد wifi display dongle', '', '85', 5, 6, 1, '85'),
(12, 85, 'سماعة بلوتوث ANKER soundbuds lit ', '', '159', 5, 6, 33, '5247'),
(13, 19, 'ايفون x قيقا 64', '', '3850', 6, 7, 22, '84700'),
(14, 21, 'ايفون اكس 256 قيقا لون فضي', '', '4450', 6, 7, 1, '4450'),
(15, 58, 'تاب huawei mediapad t3 7.0', '', '379', 6, 7, 1, '379'),
(16, 48, 'تابلت ULTRA c723 3g', '', '229', 6, 7, 1, '229'),
(17, 16, 'وصلة اتش دي واي فاي عن بعد wifi display dongle', '', '85', 6, 8, 5, '425'),
(18, 85, 'سماعة بلوتوث ANKER soundbuds lit ', '', '159', 6, 8, 1, '159'),
(19, 19, 'ايفون x قيقا 64', '', '3850', 8, 11, 1, '3850'),
(20, 21, 'ايفون اكس 256 قيقا لون فضي', '', '4450', 8, 11, 1, '4450'),
(21, 21, 'ايفون اكس 256 قيقا لون فضي', '', '4450', 9, 12, 1, '4450'),
(22, 19, 'ايفون x قيقا 64', '', '3850', 9, 12, 1, '3850'),
(23, 19, 'ايفون x قيقا 64', '', '3850', 10, 13, 1, '3850'),
(24, 21, 'ايفون اكس 256 قيقا لون فضي', '', '4450', 10, 13, 1, '4450'),
(25, 19, 'ايفون x قيقا 64', '', '3850', 11, 14, 1, '3850'),
(26, 21, 'ايفون اكس 256 قيقا لون فضي', '', '4450', 11, 14, 1, '4450'),
(27, 48, 'تابلت ULTRA c723 3g', '', '229', 11, 14, 1, '229'),
(28, 19, 'ايفون x قيقا 64', '', '3850', 12, 15, 1, '3850'),
(29, 21, 'ايفون اكس 256 قيقا لون فضي', '', '4450', 12, 15, 1, '4450'),
(30, 48, 'تابلت ULTRA c723 3g', '', '229', 12, 15, 1, '229'),
(31, 19, 'ايفون x قيقا 64', '', '3850', 13, 16, 1, '3850'),
(32, 21, 'ايفون اكس 256 قيقا لون فضي', '', '4450', 13, 16, 1, '4450'),
(33, 16, 'وصلة اتش دي واي فاي عن بعد wifi display dongle', '', '85', 14, 17, 1, '85'),
(34, 85, 'سماعة بلوتوث ANKER soundbuds lit ', '', '159', 14, 17, 2, '318'),
(35, 80, 'سماعة بلوتوث qcy q26 bluetooth', '', '59', 14, 18, 88, '5192'),
(36, 102, 'honor 8x', 'اسود', '999', 15, 19, 1, '999'),
(37, 136, 'شحن بيانات 150 قيقا ثلاث شهور STC', '', '399', 16, 20, 1, '399'),
(38, 125, 'ايفون XS Max', '', '5199', 17, 21, 1, '5199'),
(39, 125, 'ايفون XS Max', 'ذهبي', '5199', 18, 22, 1, '5199'),
(40, 72, 'بنك طاقة انكر anker core 26000', '', '260', 19, 23, 1, '260'),
(41, 75, 'بنك طاقة انكر Anker anker core mini 3350', '', '69', 20, 24, 1, '69'),
(42, 48, 'تابلت ULTRA c723 3g', '', '229', 21, 25, 1, '229'),
(43, 143, 'كرت شحن انتر نت 300 قيقا لمدة ثلاث اشهر موبايلي', '', '460', 22, 26, 1, '460'),
(44, 73, 'بنك طاقة انكر anker core 13000', 'اسود', '160', 23, 27, 1, '160'),
(45, 142, 'كرت شحن بينات 50 قيقا لمدة ثلاث شهور  موبايلي', '', '270', 24, 28, 1, '270'),
(46, 58, 'تاب huawei mediapad t3 7.0', 'رمادي', '379', 27, 29, 2, '758'),
(47, 131, 'ايفون XS ', 'ذهبي', '3999', 28, 30, 1, '3999'),
(48, 67, 'كيبل شاحن جلكسي remax cable', '', '7', 29, 31, 1, '7'),
(49, 67, 'كيبل شاحن جلكسي remax cable', '', '7', 30, 32, 1, '7'),
(50, 67, 'كيبل شاحن جلكسي remax cable', '', '7', 31, 33, 1, '7');

-- --------------------------------------------------------

--
-- Table structure for table `pages`
--

CREATE TABLE `pages` (
  `id` int(11) NOT NULL,
  `title` varchar(255) NOT NULL,
  `image` varchar(255) NOT NULL,
  `content` text NOT NULL,
  `created_at` date NOT NULL,
  `updated_at` date NOT NULL
) ENGINE=InnoDB DEFAULT CHARSET=utf8;

--
-- Dumping data for table `pages`
--

INSERT INTO `pages` (`id`, `title`, `image`, `content`, `created_at`, `updated_at`) VALUES
(1, 'اتفاقية الاستخدام', 'OLxr.jpg', '<p style=\"direction: rtl;\"><strong>مقدمة</strong>: تنص هذه الشروط والأحكام (<strong>شروط الموقع</strong>) على كيفية استخدامكم لخدماتنا من أجل بيع بضائعكم (<strong>المنتجات</strong>) عبر موقع مخزن، أو الجزء ذي الصلة منه (<strong>الموقع</strong>). ولكي يتم استخدام الموقع أو أي من خدماتنا (<strong>خدماتنا</strong>) لبيع المنتجات، يتعين عليكم إنشاء حساب بائع صحيح لكل<strong>دولة مختارة</strong>(والتي ترغب في بيع منتجاتكم فيها. ويجوز لنا تعديل خدماتنا من حين لآخر.</p>\r\n<p style=\"direction: rtl;\"><strong>الكلمات المستخدمة في شروط الموقع هذه</strong>: يكون للمصطلحات المعرفة أو المكتوبة بخط عريض ذات المعاني الواردة لها في شروط الموقع هذه. تشير كلمة<strong>البائع</strong>إما<strong>إليكم</strong>&nbsp;كفرد إذا كنت تستخدم الخدمات بالأصالة عن نفسك، أو الشركة التي تعمل لديها ممثلاً (إذا كنت مسجلاً أو تستخدم خدمة بصفتك (كجزء من) شركة أو أي من الشركات التابعة لك (بشكل فردي (فيما يتعلق بكل دولة مختارة) أو بشكل جماعي حسب ما يقتضي السياق)) وتختار إنشاء حساب بائع في كل دولة من الدول المختارة و/أو التسجيل على الموقع. ويوافق البائع على التقيد بشروط الموقع هذه والالتزام بها.</p>\r\n<p style=\"direction: rtl;\"><strong>إنشاء حساب بائع لدولة مختارة</strong>: حسب التعليمات الواردة في الموقع، يتعين عليك إنشاء حساب بائع لدينا عن كل دولة من الدول المختارة التي تحتاج إلى الاستفادة من خدماتنا فيها. إذا كنت فرداً، يجب أن تكون مقيماً في تلك الدولة المختارة، أما في حالة الشركات، يتعين أن يكون لدى الشركة القدرة على ممارسة الأعمال في الدولة المختارة حسب القوانين المعمول بها في تلك الدولة المختارة. قد نقوم بمساعدتكم في إنشاء حساب في كل دولة من الدول المختارة بعد تلقي المعلومات اللازمة من طرفكم. ويجب عليكم التعرف بأنفسكم على العملية الواردة في الموقع والتعرف كذلك على جميع شروط الموقع. ويجب عدم التسجيل باسم مستعار و/أو انتحال بيانات اعتماد تسجيل الدخول الخاصة بأي بائع آخر أو كلمة (كلمات) السر الخاصة به، حيث ينتج عن هذا السلوك الاحتيالي مخالفة القوانين واللوائح الاتحادية أو الوطنية أو الإقليمية أو الدولية المعمول بها (<strong>القوانين المعمول بها</strong>) في الدولة المختارة ذات الصلة. كما أنكم توافقون على تقديم كافة المعلومات ذات الصلة إلينا طالما كان حسابكم فعالاً. ويجب عليكم عند تسجيل حساب البائع الخاص بكم، وذلك لدى كل دولة من الدول المختارة، تقديم الوثائق الثبوتية السارية والأصلية التي نحددها (حسب القوانين المعمول بها في الدولة المختارة) وذلك حسب ما نطلبه من خلال الموقع أو حساب البائع الخاص بكم.</p>\r\n<p style=\"direction: rtl;\"><strong>كلمات السر</strong>: في حالة اختياركم أو تم تزويدكم باسم مستخدم أو كلمة سر أو أية معلومة أخرى كجزء من إجراءاتنا الأمنية، يجب عليكم التعامل مع هذه المعلومات بسرية تامة، حيث تتحملون المسؤولية وحدكم عن الحفاظ على سلامة كلمة السر الخاصة بكم. ولا يجوز لكم الإفصاح عن كلمة السر للغير (بخلاف الأطراف الأخرى المفوضة من طرفكم لاستخدام حسابكم حسب شروط الموقع هذه)، كما تتحملون المسؤولية وحدكم عن أي استخدام أو عمل متخذ بموجب كلمة السر الخاصة بكم. وفي حالة اختراق كلمة السر الخاصة بكم، يجب عليكم تغييرها على الفور. ويحق لنا إيقاف أي اسم تعريف أو كلمة سر، سواء تم اختيارها من طرفكم، أو قمنا نحن بتخصيصها، في أي وقت إذا ارتئينا حسب رأينا المعقول أنكم قد أخفقتم في الالتزام بأي من شروط الموقع هذه.</p>\r\n<p>&nbsp;</p>\r\n<p style=\"direction: rtl; text-align: right;\"><strong>السياسات المحددة</strong>: بإنشاء حساب بائع صحيح لكل دولة من الدول المختارة، فإنكم توافقون في وقت إنشاء الحساب أو التسجيل على الالتزام والتقيد بشروط الموقع هذه وكذلك جميع السياسات والبروتوكولات والإرشادات وغير ذلك من الشروط الواردة في الموقع (والتي تشكل جزءاً لا يتجزأ من شروط الموقع هذه). ويشمل ذلك:</p>\r\n<p style=\"direction: rtl;\">أ)&nbsp;&nbsp;&nbsp; أي شروط خاصة بأية دولة والتي يتم إخطاركم بشأنها من حين لآخر والتي تسري في كل دولة من الدول المختارة تسجلون فيها أو تختارون استخدام خدماتنا (باستخدام الوظائف يمكننا تفعيل الاستخدام لحسابكم)؛ و</p>\r\n<p style=\"direction: rtl;\">ب) &nbsp;أي شروط خاصة بالخدمة تتعلق بالخدمات المقدمة من طرفنا وتطلب من قبلكم، ويمكننا تزويدكم بها من حين لآخر (باستخدام الوظائف يمكننا تفعيل الاستخدام لحسابكم) وذلك حسب الشروط الخاصة بتلك الخدمة (قد تتعلق فقط بمنتجات محددة) (<strong>شروط الخدمة الأخرى</strong>) والتي تمثل جزءاً من شروط الموقع هذه. تشمل شروط الخدمة الأخرى، دون قيد، شروط الطلبات المنفذة من قبل مخزن (شروط الطلبات المنفذة من قبل مخزن).</p>\r\n<p style=\"direction: rtl;\">&nbsp;</p>', '0000-00-00', '2018-11-04'),
(2, 'اتصل بنا', 'F8kh.jpeg', '<p style=\"direction: rtl;\">للتواصل واتس اب : 0509885160</p>\r\n<p style=\"direction: rtl;\">الهاتف : 0163262360</p>\r\n<p style=\"direction: rtl;\"><a href=\"mailto:makza440@gmail.com\">makza440@gmail.com</a></p>\r\n<p style=\"direction: rtl;\">المملكة العربية السعودية&nbsp;</p>\r\n<p style=\"direction: rtl;\">القصيم-بريدة -حي السادة</p>\r\n<p style=\"direction: rtl;\">الرمز البريدي52364</p>', '0000-00-00', '2018-12-15'),
(3, 'سياسة الإلغاء والإسترجاع والإستبدال', 'RegB.jpg', '<p style=\"direction: rtl;\"><strong>إلغاء الطلبات</strong></p>\r\n<p style=\"direction: rtl;\">إن أولويتنا الأولى&nbsp;في مخزن أن تشعر بالراحة أثناء طلبك المنتجات التي ترغب فعلاً بشرائها.</p>\r\n<p style=\"direction: rtl;\">&nbsp;</p>\r\n<p style=\"direction: rtl;\">&nbsp;إذا كنت ترغب بإلغاء طلبيتك، فعليك إخبارنا بذلك في أسرع وقت ممكن. حيث تعتمد عملية إلغاء الطلبية على بدء عملية الشحن, سوف نرسل إليك رسالة على بريدك الالكتروني بمجرد شحن طلبيتك، مما يتيح لك الوقت لإعلامنا برغبتك في إلغاء الطلبية قبيل وصول هذه الرسالة.</p>\r\n<p style=\"direction: rtl;\">&nbsp;</p>\r\n<p style=\"direction: rtl;\">&nbsp;<a href=\"mailto:makza440@gmail.com\">makza440@gmail.com</a> نرجو منك أن ترسل طلب الإلغاء عبر&nbsp;إرسال رسالة إلى الإيميل&nbsp;</p>\r\n<p style=\"direction: rtl;\">. اتصل بنا مرفقا رقم الطلب و سبب الالغاء أو الاتصال بفريق خدمة العملاء على الرقم المجاني&nbsp;0163262360 وسوف نباشر بالإجراءات اللازمة. ولكن في حال تم شحن الطلب فلن نستطيع إلغاؤه</p>\r\n<p style=\"direction: rtl;\">&nbsp;</p>\r\n<p style=\"direction: rtl;\"><strong>الإرجاع والاستبدال</strong></p>\r\n<p style=\"direction: rtl;\">1 - يرجى التواصل مع خدمة العملاء عن طريق تقديم تذكرة على موقعنا، مشيراً إلى المنتج أو المنتجات التي ترغب في إرجاعها وسبب الإرجاع. سوف نقوم بالرد عليك في غضون 24 ساعة.&nbsp;</p>\r\n<p style=\"direction: rtl;\">2 - بعد تلقي تعليمات الإرجاع منا، يرجى إرسال المنتجات المرتجعة في الطرد الأصلي للطلب الخاص بك.</p>\r\n<p style=\"direction: rtl;\">3 - أرسل الطرد من أي مكتب شركة البريد المستلمة منه.</p>\r\n<p style=\"direction: rtl;\">4 - يتم العمل على مُعظم عمليات الإرجاع خلال 5 أيام عمل بعد إستلامنا للطلب. سيتم إرجاع المبلغ إلى المحفظة الخاصة بك في مخزن إذا لم يتم إبلاغك مُقدماً بإرجاع المبلغ إلى حساب الدفع الخاص بك. يُمكنك إستخدام رصيد المحفظة في عملية الشراء القادمة أو سحبها إلى حساب الدفع. عند إعادة المبلغ، سوف تصلك رسالة تأكيد إلكترونية.&nbsp;</p>\r\n<p style=\"direction: rtl;\"><strong>شروط الإرجاع</strong></p>\r\n<p style=\"direction: rtl;\">1 - لديك 24ساعة لتقرر ما إذا كان المنتج غيرمواصفات الشراء او فيه خلل، ، يمكنكِ التواصل معنا في غضون 24ساعة من يوم استلامها.&nbsp;</p>\r\n<p style=\"direction: rtl;\">2 - لا يمكن إرجاع أو إستبدال القطع التالية:&nbsp;</p>\r\n<p style=\"direction: rtl;\">&nbsp;- المنتجات التي يتم ارجاعها يجب أن تكون غير مستخدمة مع الطرد الأصلي، ولا يُمكِننا استرجاع المنتج المستعمل،&nbsp;</p>\r\n<p style=\"direction: rtl;\">&nbsp;- نحن لا نقبل استلام البضائع التي تم إرجاعها من قبلكم بدون التحقق معنا أولاً.</p>\r\n<p style=\"direction: rtl;\">30 - رسوم شحن الإرجاع على العميل.</p>\r\n<p style=\"direction: rtl;\">&nbsp;</p>\r\n<p style=\"direction: rtl;\"><strong>ملاحظة:</strong>&nbsp;رسوم الشحن الأصلية والتأمين غير قابلة للإسترداد</p>\r\n<p style=\"direction: rtl;\">&nbsp;</p>\r\n<p style=\"direction: rtl;\">تتم معالجة عملية الإرجاع خلال 5 أيام عمل بعد إستلامنا الحزمة. تعتمد طريقة إسترداد المبلغ على طريقة الدفع. وفيما يلي السياسات المتبعة:</p>\r\n<p style=\"direction: rtl;\">&nbsp;</p>\r\n<p style=\"direction: rtl;\"><strong>في حالة الدفع عن طريقة بطاقة الإئتمان:&nbsp;</strong></p>\r\n<p style=\"direction: rtl;\">&nbsp;</p>\r\n<p style=\"direction: rtl;\">سيتم إرجاع المبلغ المدفوع إلى بطاقة الإئتمان الخاصة بك أو محفظة مخزن وفقاً للإحتياجات الخاصة بك.</p>\r\n<p style=\"direction: rtl;\">&nbsp;</p>\r\n<p style=\"direction: rtl;\">يرجى الملاحظة، إن إرجاع المبلغ إلى محفظة مخزن يحتاج تقريباً إلى 48 ساعة. أما إرجاع المبلغ إلى حساب البطاقة يحتاج تقريبا من 10 الى 30 يوم عمل. يمكنك إستخدام رصيد المحفظة في عمليات الشراء القادمة أو نقلها لحساب الدفع الخاص بك. سيتم إرسال بريد إلكتروني بمجرد الإنتهاء من الإرجاع.</p>\r\n<p style=\"direction: rtl;\">&nbsp;</p>\r\n<p style=\"direction: rtl;\">&nbsp;</p>\r\n<p style=\"direction: rtl;\">&nbsp;</p>\r\n<p style=\"direction: rtl;\">يرجى الملاحظة أن إرجاع المبلغ إلى محفظة مخزن الخاصة بك يحتاج تقريبا إلى 48 ساعة.</p>\r\n<p style=\"direction: rtl;\">&nbsp;</p>\r\n<p style=\"direction: rtl;\">.</p>\r\n<p style=\"direction: rtl;\">&nbsp;</p>\r\n<p style=\"direction: rtl;\">يرجى الملاحظة أن الرصيد للدفع عند الإستلام في محفظة مخزن لا يمكن نقله إلى حساب آخر أو أية بطاقة بنكية.</p>\r\n<p style=\"direction: rtl;\">&nbsp;</p>\r\n<p style=\"direction: rtl;\"><strong>عنوان الإرجاع</strong></p>\r\n<p style=\"direction: rtl;\">&nbsp;</p>\r\n<p style=\"direction: rtl;\">(الرجاء عدم الإرجاع إلى العنوان المرفق مع شحن الطلب. هذا ليس هو عنوان الإرجاع الخاص بنا، لأن ذلك سيؤثر في عملية الإرجاع .)</p>', '2018-09-24', '2018-11-04'),
(4, 'سياسة الخصوصية والأمان', '06jI.jpg', '<p style=\"text-align: right;\">سياسة الخصوصية والأمن</p>\r\n<p style=\"direction: rtl;\">لكل المستخدمين الذين قاموا بتسجيل الدخول إلى الموقع لتأكيد البيانات الشخصية، المعلومات التالية يتم جمعها وتخزينها في كل مرة تقومون فيها بزيارة صفحة موقع المؤسسة او عن طريق الخدمات التي تقدمها المتاجر الأخرى، يتم إرسال المعلومات من المتصفح الى سجل ملفات الخادم، حيث تضم المعلومات: الوقت والتاريخ لزيارة الموقع، الصفحات التي قمتم بعرضها، مثل المعلومات الشخصية كالاسم او رقم الهاتف او العنوان الالكتروني.</p>\r\n<p style=\"direction: rtl;\">نود اعلامكم انه غير مصرّح للمؤسسة مشاركة البيانات او المعلومات الشخصية الخاصة بكم لطرف ثالث ما لم ينص عليه القانون.</p>\r\n<p style=\"text-align: right;\">&nbsp;</p>\r\n<p style=\"text-align: right;\">&nbsp;</p>\r\n<p style=\"direction: rtl;\"><strong>الاستخدام وحماية البيانات</strong>&nbsp;</p>\r\n<p style=\"direction: rtl;\">&nbsp;</p>\r\n<p style=\"direction: rtl;\">بموجب هذا ستقوم المؤسسة بجمع محتويات المعلومات المذكورة أعلاه. الشركة قد تستخدم بعض من الصور التي تم تحميلها على الموقع ومشاركتها في مختلف حساباتنا الاجتماعية في وسائل الإعلام الاجتماعية.</p>\r\n<p style=\"text-align: right;\">&nbsp;</p>\r\n<p style=\"direction: rtl;\">بيانات العميل التي تحتفظ بها المؤسسة سرية للغاية ما عدا:</p>\r\n<p style=\"direction: rtl;\">&nbsp;</p>\r\n<p style=\"direction: rtl;\">1- عندما تكون موافق على تبادل البيانات مع المؤسسة؛&nbsp;</p>\r\n<p style=\"direction: rtl;\">2- تقوم المؤسسة باستخدام البيانات لتوفير الخدمات والمنتجات التي تناسب ذوق كل عميل بشكل خاص؛</p>\r\n<p style=\"direction: rtl;\">3- وفقا للمتطلبات القانونية، أن المؤسسة لديها السلطة لتنفيذ القانون أو الامتثال للتوجيهات القانونية، ولكن الالمؤسسة سوف توفر الطروحات القضائية المناسبة؛</p>\r\n<p style=\"direction: rtl;\">4- في حالة من حالات الطوارئ، لحماية مصالح المستخدمين والجمهور؛</p>\r\n<p style=\"direction: rtl;\">5- في حالة أن هنالك شركات أخرى تحاول القيام بالدخول، او تحرير، و الكشف عن معلومات شخصية في هذه الحالة يترتب على الموقع اتباع سياسة الخصوصية الاحتياطية و الحق في إجراء تغييرات.</p>\r\n<p style=\"text-align: right;\">&nbsp;</p>\r\n<p style=\"text-align: right;\">&nbsp;</p>\r\n<p style=\"direction: rtl;\"><strong>حرية الاختيار والخروج:</strong></p>\r\n<p style=\"direction: rtl;\">&nbsp;</p>\r\n<p style=\"direction: rtl;\">لكم الحق في مطالبتنا بايقاف تلقي الاتصالات الترويجية من الالمؤسسة، في أي وقتٍ من الأوقات، والكفّ عن استخدام بياناتك الشخصية لأغراض تسويقيّة مباشرة. نرجو منكم التواصل معنا عبر البريد الالكتروني makza440@gmail.com</p>\r\n<p style=\"direction: rtl;\">عندما تقومون بإنشاء حساب خاص بكم، يكون لكم حق الاختيار في الاشتراك في خدمة التحديث المنتظم لدينا. وفي حالة كنتم مشتركين مسبقأ، سوف نرسل لكم تنبيهات البريد الإلكتروني للمنتجات الجديدة، ميزات، التحسينات، العروض الخاصة، ومسابقات، والأحداث ذات الاهتمام، وعروض التسويق في آن واحد.</p>\r\n<p style=\"direction: rtl;\">&nbsp;</p>\r\n<p style=\"direction: rtl;\">نود اعلامكم انه في جميع الأوقات، الفرصة متاحة لكم لإلغاء الاشتراك من أي خدمة أو التحديث في الاشتراك الذي قمتم به وذلك في حالة قمتم بتغيير رأيكم. وبالتالي نقوم بارسال بريد الكتروني يحتوي على رابط إلغاء الاشتراك بسهولة، كل ما عليكم القيام به هو اتباع التعليمات الموضحة في البريد الإلكتروني.</p>\r\n<p style=\"text-align: right;\">&nbsp;</p>', '2018-09-24', '2018-11-04'),
(5, 'الشروط والأحكام', 'jov3.jpg', '<p style=\"direction: rtl;\"><strong>الشروط والأحكام</strong></p>\r\n<p style=\"direction: rtl;\"><strong><span style=\"color: #ff0000;\">مدة توصيل الطلبات من وقت إتمام الطلب يتراوح الوقت من يومين إلى اسبوع&nbsp;<br />وإماكانية إستلام الطلب لمدينة بريدة من نفس الفرع او التوصيل خلال اليوم</span></strong></p>\r\n<p style=\"text-align: center;\">&nbsp;</p>\r\n<ol>\r\n<li style=\"direction: rtl;\"><strong>مقدمة</strong>: تنص هذه الشروط والأحكام (<strong>شروط الموقع</strong>) على كيفية استخدامكم لخدماتنا من أجل بيع بضائعكم (<strong>المنتجات</strong>) عبر موقع مخزن، أو الجزء ذي الصلة منه (<strong>الموقع</strong>). ولكي يتم استخدام الموقع أو أي من خدماتنا (<strong>خدماتنا</strong>) لبيع المنتجات، يتعين عليكم إنشاء حساب بائع صحيح لكل<strong>دولة مختارة</strong>(والتي ترغب في بيع منتجاتكم فيها. ويجوز لنا تعديل خدماتنا من حين لآخر.</li>\r\n<li style=\"direction: rtl;\"><strong>الكلمات المستخدمة في شروط الموقع هذه</strong>: يكون للمصطلحات المعرفة أو المكتوبة بخط عريض ذات المعاني الواردة لها في شروط الموقع هذه. تشير كلمة<strong>البائع</strong>إما<strong>إليكم</strong>&nbsp;كفرد إذا كنت تستخدم الخدمات بالأصالة عن نفسك، أو الشركة التي تعمل لديها ممثلاً (إذا كنت مسجلاً أو تستخدم خدمة بصفتك (كجزء من) شركة أو أي من الشركات التابعة لك (بشكل فردي (فيما يتعلق بكل دولة مختارة) أو بشكل جماعي حسب ما يقتضي السياق)) وتختار إنشاء حساب بائع في كل دولة من الدول المختارة و/أو التسجيل على الموقع. ويوافق البائع على التقيد بشروط الموقع هذه والالتزام بها.</li>\r\n<li style=\"direction: rtl;\"><strong>إنشاء حساب بائع لدولة مختارة</strong>: حسب التعليمات الواردة في الموقع، يتعين عليك إنشاء حساب بائع لدينا عن كل دولة من الدول المختارة التي تحتاج إلى الاستفادة من خدماتنا فيها. إذا كنت فرداً، يجب أن تكون مقيماً في تلك الدولة المختارة، أما في حالة الشركات، يتعين أن يكون لدى الشركة القدرة على ممارسة الأعمال في الدولة المختارة حسب القوانين المعمول بها في تلك الدولة المختارة. قد نقوم بمساعدتكم في إنشاء حساب في كل دولة من الدول المختارة بعد تلقي المعلومات اللازمة من طرفكم. ويجب عليكم التعرف بأنفسكم على العملية الواردة في الموقع والتعرف كذلك على جميع شروط الموقع. ويجب عدم التسجيل باسم مستعار و/أو انتحال بيانات اعتماد تسجيل الدخول الخاصة بأي بائع آخر أو كلمة (كلمات) السر الخاصة به، حيث ينتج عن هذا السلوك الاحتيالي مخالفة القوانين واللوائح الاتحادية أو الوطنية أو الإقليمية أو الدولية المعمول بها (<strong>القوانين المعمول بها</strong>) في الدولة المختارة ذات الصلة. كما أنكم توافقون على تقديم كافة المعلومات ذات الصلة إلينا طالما كان حسابكم فعالاً. ويجب عليكم عند تسجيل حساب البائع الخاص بكم، وذلك لدى كل دولة من الدول المختارة، تقديم الوثائق الثبوتية السارية والأصلية التي نحددها (حسب القوانين المعمول بها في الدولة المختارة) وذلك حسب ما نطلبه من خلال الموقع أو حساب البائع الخاص بكم.</li>\r\n<li style=\"direction: rtl;\"><strong>كلمات السر</strong>: في حالة اختياركم أو تم تزويدكم باسم مستخدم أو كلمة سر أو أية معلومة أخرى كجزء من إجراءاتنا الأمنية، يجب عليكم التعامل مع هذه المعلومات بسرية تامة، حيث تتحملون المسؤولية وحدكم عن الحفاظ على سلامة كلمة السر الخاصة بكم. ولا يجوز لكم الإفصاح عن كلمة السر للغير (بخلاف الأطراف الأخرى المفوضة من طرفكم لاستخدام حسابكم حسب شروط الموقع هذه)، كما تتحملون المسؤولية وحدكم عن أي استخدام أو عمل متخذ بموجب كلمة السر الخاصة بكم. وفي حالة اختراق كلمة السر الخاصة بكم، يجب عليكم تغييرها على الفور. ويحق لنا إيقاف أي اسم تعريف أو كلمة سر، سواء تم اختيارها من طرفكم، أو قمنا نحن بتخصيصها، في أي وقت إذا ارتئينا حسب رأينا المعقول أنكم قد أخفقتم في الالتزام بأي من شروط الموقع هذه.</li>\r\n<li>\r\n<p style=\"direction: rtl;\"><strong>السياسات المحددة</strong>: بإنشاء حساب بائع صحيح لكل دولة من الدول المختارة، فإنكم توافقون في وقت إنشاء الحساب أو التسجيل على الالتزام والتقيد بشروط الموقع هذه وكذلك جميع السياسات والبروتوكولات والإرشادات وغير ذلك من الشروط الواردة في الموقع (والتي تشكل جزءاً لا يتجزأ من شروط الموقع هذه). ويشمل ذلك:</p>\r\n<ul>\r\n<li style=\"direction: rtl;\">أ)&nbsp;&nbsp;&nbsp; أي شروط خاصة بأية دولة والتي يتم إخطاركم بشأنها من حين لآخر والتي تسري في كل دولة من الدول المختارة تسجلون فيها أو تختارون استخدام خدماتنا (باستخدام الوظائف يمكننا تفعيل الاستخدام لحسابكم)؛ و</li>\r\n<li style=\"direction: rtl;\">ب) &nbsp;أي شروط خاصة بالخدمة تتعلق بالخدمات المقدمة من طرفنا وتطلب من قبلكم، ويمكننا تزويدكم بها من حين لآخر (باستخدام الوظائف يمكننا تفعيل الاستخدام لحسابكم) وذلك حسب الشروط الخاصة بتلك الخدمة (قد تتعلق فقط بمنتجات محددة) (<strong>شروط </strong></li>\r\n<li style=\"direction: rtl;\"><strong>الخدمة الأخرى</strong>) والتي تمثل جزءاً من شروط الموقع هذه. تشمل شروط الخدمة الأخرى، دون قيد، شروط الطلبات المنفذة من قبل مخزن (شروط الطلبات المنفذة من قبل مخزن).</li>\r\n</ul>\r\n</li>\r\n</ol>\r\n<p style=\"text-align: center;\">&nbsp;</p>', '2018-09-24', '2018-11-04'),
(6, 'سياسة الغاء العميل للطلب', 'ObYd.jpg', '<p>إن أولويتنا الأولى&nbsp;في مخزن أن تشعر بالراحة أثناء طلبك المنتجات التي ترغب فعلاً بشرائها.</p>\r\n<p>&nbsp;</p>\r\n<p>&nbsp;إذا كنت ترغب بإلغاء طلبيتك، فعليك إخبارنا بذلك في أسرع وقت ممكن. حيث تعتمد عملية إلغاء الطلبية على بدء عملية الشحن, سوف نرسل إليك رسالة على بريدك الالكتروني بمجرد شحن طلبيتك، مما يتيح لك الوقت لإعلامنا برغبتك في إلغاء الطلبية قبيل وصول هذه الرسالة.</p>\r\n<p>&nbsp;</p>\r\n<p>&nbsp;makza440@gmail.comنرجو منك أن ترسل طلب الإلغاء عبر&nbsp;إرسال رسالة إلى الإيميل&nbsp;</p>\r\n<p>. اتصل بنا مرفقا رقم الطلب و سبب الالغاء أو الاتصال بفريق خدمة العملاء على الرقم المجاني&nbsp;0163262360 وسوف نباشر بالإجراءات اللازمة. ولكن في حال تم شحن الطلب فلن نستطيع إلغاؤه</p>', '2018-10-01', '2018-11-04'),
(7, 'العنوان', 'hHEH.jpg', '<p>المملكة العربية السعودية&nbsp;</p>\r\n<p>القصيم-بريدة -حي السادة</p>\r\n<p>الرمز البريدي52364</p>', '2018-10-01', '2018-11-04'),
(8, 'توصيل التطلبات وإستلام', 'Q0b9.jpg', '<p>مدة توصيل الطلبات من وقت إتمام الطلب يتراوح الوقت من يومين إلى اسبوع&nbsp;</p>\r\n<p>وإماكانية إستلام الطلب لمدينة بريدة من نفس الفرع او التوصيل خلال اليوم</p>', '2018-10-01', '2018-11-04'),
(9, 'اتفاقية البيع في مخزن', 'thTn.jpg', '<p style=\"direction: rtl;\">1-يجوز لكم فقط الاستفادة من الموقع لأغراض مشروعة وبصورة قانونية. ويجب عليكم الالتزام بجميع القوانين المعمول بها في الدولة المختارة، وتقرون بأنها قد تختلف في الدول المختارة المختلفة. إنكم مطالبون بالالتزامبهذه الاختلافات أينما وجدت. ويتعين عليكم ضمان توافق منتجاتكم مع الصور الموضوعة على الموقع ومع المعلومات المقدمة إلينا، ويجب عليكم الابتعاد عن وضع أي إعلان أو معلومات مضللة عن منتجاتكم أو عن أية علامة تجارية على الموقع. وفي&nbsp;حالة اكتشاف مخالفتكم لشروط الموقع هذه، يجب عليكم قبول إرجاع المنتجات وتحمل المسؤولية أمامنا وفقاً لشروط الموقع هذه.</p>\r\n<p style=\"direction: rtl;\">2-في حالة بيع منتج من قبل التاجر عن طريق مخزن يتم تحويل المبلغ في غضون ثلاث ايام من استلام العميل للمنتج.</p>\r\n<p style=\"direction: rtl;\">3-العمولة المترتبة على البائع في حال بيع أجهزة اتصال او أجهزة لوحية مبلغ 5% من اجمالي المبلغ.</p>\r\n<p style=\"direction: rtl;\">4- العمولة المترتبة على البائع في حال بيع جميع الأكسسوارات 10% من اجمالي المبلغ .</p>\r\n<p style=\"direction: rtl;\">&nbsp;</p>\r\n<p style=\"direction: rtl;\">&nbsp;</p>', '2018-10-16', '2018-11-04');

-- --------------------------------------------------------

--
-- Table structure for table `payment_methods`
--

CREATE TABLE `payment_methods` (
  `id` int(11) NOT NULL,
  `name` varchar(255) CHARACTER SET utf8 NOT NULL,
  `created_at` date NOT NULL
) ENGINE=MyISAM DEFAULT CHARSET=latin1;

--
-- Dumping data for table `payment_methods`
--

INSERT INTO `payment_methods` (`id`, `name`, `created_at`) VALUES
(1, 'دفع الكتروني', '2018-07-11'),
(2, 'تحويل بنكي', '2018-07-11');

-- --------------------------------------------------------

--
-- Table structure for table `products`
--

CREATE TABLE `products` (
  `id` int(11) NOT NULL,
  `name` varchar(255) NOT NULL,
  `description` text NOT NULL,
  `price` int(11) NOT NULL,
  `available_quantity` int(11) NOT NULL,
  `created_by` int(11) NOT NULL,
  `store_name` varchar(255) NOT NULL,
  `category_id` int(11) NOT NULL,
  `type` int(11) NOT NULL COMMENT '0 = new , 1 = used',
  `main_image` text NOT NULL,
  `status` int(11) NOT NULL COMMENT '0 = closed , 1 = opened',
  `created_at` date NOT NULL,
  `updated_at` text NOT NULL
) ENGINE=InnoDB DEFAULT CHARSET=utf8;

--
-- Dumping data for table `products`
--

INSERT INTO `products` (`id`, `name`, `description`, `price`, `available_quantity`, `created_by`, `store_name`, `category_id`, `type`, `main_image`, `status`, `created_at`, `updated_at`) VALUES
(16, 'وصلة اتش دي واي فاي عن بعد wifi display dongle', '<p>4</p>', 85, 10, 18, '', 2, 0, 'wifi1.jpg', 1, '2018-09-25', ''),
(19, 'ايفون x قيقا 64', 'ايفون x قيقا 64\nاللون اسود ضمان حاسبات العرب سنتين', 3850, 4, 16, '', 1, 0, '5bbf0734eeba4.jpg', 0, '2018-08-24', ''),
(20, 'قاعدة نظارات للسيارة', 'حامل نظارات للسيارة توضع في الشماسة', 12, 200, 16, '', 2, 0, '5be3f2798f169.jpg', 1, '2018-08-24', ''),
(21, 'ايفون اكس 256 قيقا لون فضي', 'ايفون اكس 256 قيقا لون فضي ظمان سنتين ', 4450, 4, 16, '', 1, 0, '5ba8fea8918d3.jpg', 0, '2018-08-25', ''),
(22, 'جلكسي قراند برايم برو ', 'المعالج : رباعي النواة بقوة 1.4 جيجا هرتز\r\nالتخزين : 32 قيقا ،،، الرام : 3 قيقا\r\nالكاميرا : خلفيه 8 ميجابكسل،،، الاماميه 5 ميجابكسل\r\nالشاشه : 5 بوصة بدقه Full HD\r\nالبطاريه : 2600mAh', 447, 3, 16, '', 1, 0, '5baa4bf5c1121.jpg', 1, '2018-09-25', ''),
(46, 'اتش دي HDTV CABL', 'موصل من جميع أجهزة الجوال إلى شاشة التلفزيون\nعن طريق الكيبل بتوصيل بتوصيل سلك الشاحن .', 89, 2, 16, '', 2, 0, '5bb1dd2ab7b54.jpg', 1, '2018-10-01', ''),
(47, 'راوتر متنقل من HUAWEI موديل pro2', '<p>جهاز بث انتر نت يدعم جميع شرائح الأنتر نت سرعة الجهاز 300ميقا&nbsp;</p>\r\n<p>إماكنية ربط 32جهاز جوال عن طريق الواي فاي&nbsp;</p>\r\n<p>سعة البطارية 6400امبير&nbsp;</p>', 649, 2, 16, '', 3, 0, '1.jpg', 1, '2018-10-01', ''),
(48, 'تابلت ULTRA c723 3g', 'رام 1 قيقا \nالذاكرة 8 قيقا \nشريحتين', 229, 9, 16, '', 1, 0, '5bb2650b30f59.jpg', 1, '2018-10-01', ''),
(49, 'كيبل شاحن من شركة بيسل', '<p>كيبل شاحن مايكرو micro بطول 12 سانتي</p>\r\n<p>ضمان سنتين&nbsp;</p>', 35, 10, 16, '', 4, 0, '5bb322411879c.jpg', 1, '2018-10-02', ''),
(50, 'كيبل شاحن من شركة بيسل', 'كيبل شاحن ايفون بطول 100 سانتي \nضمان سنتين', 42, 10, 16, '', 4, 0, '5bb3c28902095.jpg', 1, '2018-10-02', ''),
(51, 'كيبل شاحن من شركة بيسل ', 'شاحن ايفون وجلكسي 2*1 واحد \nضمان سنتين ', 65, 10, 16, '', 4, 0, '5bb3c60f50ffb.jpg', 1, '2018-10-02', ''),
(52, 'كيبل شاحن جلكسي من ANKER', 'شاحن مايكرو لجهاز الجلكسي بطول 90سانتي \nضمان سنتين', 39, 10, 16, '', 4, 0, '5bb479c266c81.jpg', 1, '2018-10-03', ''),
(53, 'كيبل شاحن ايفون من ANKER', 'شاحن ايفون بطول 90سانتي \nضمان سنتين', 49, 10, 16, '', 4, 0, '5bb47aaa3769d.jpg', 1, '2018-10-03', ''),
(54, 'كيبل شاحن ايفون من ANKER', 'شاحن ايوفون قماش بطول 1.8 سانتي \nضمان سنتين', 69, 10, 16, '', 4, 0, '5bb47db14f1d2.jpg', 1, '2018-10-03', ''),
(55, 'كيبل شاحن جلكسي من ANKER', 'كيبل مايكرو جلكسي بطول 1.8 سانتي \nضمان سنتين', 45, 10, 16, '', 4, 0, '5bb482495ae12.jpg', 1, '2018-10-03', ''),
(56, '5 كيابل شاحن ايفون JOWAY', 'شاحن ايفون بطول متر ( 1M )\nضمان سنتين\nعدد 5 قطع', 69, 100, 16, '', 7, 0, '5bb4e4460aee9.jpg', 1, '2018-10-03', ''),
(57, 'كيبل شاحن جلكسي JOWAY', 'شاحن جلكسي بطول متر ( 1M ) \r\nضمان سنتين', 29, 100, 16, '', 4, 0, '5bb4e5974acab.jpg', 1, '2018-10-03', ''),
(58, 'تاب huawei mediapad t3 7.0', 'تاب هواوي t3 شاشه 7انش\nضمان سنتين', 379, 5, 16, '', 1, 0, '5bb50da57d992.jpg', 1, '2018-10-03', ''),
(59, 'huawei mobile wifi cuteكونكت ', 'كونكت موزع انتر نت \nعدد استقبال 10 اجهزة\n4g', 260, 5, 16, '', 3, 0, '5bb50f81016e0.jpg', 1, '2018-10-03', ''),
(60, 'G TIDE MODEL G28تابلت جي تايد', 'شريحتين  3g\nالذاكرة 8 قيقا ', 229, 5, 16, '', 1, 0, '5bb51581aa4de.jpg', 0, '2018-10-03', ''),
(61, 'nokia 8110نوكيا  ', 'نوكيا شريحتين \r\nامكانية الرد على المكالمات من خلال فتح الباب للأسفل\r\nامكانية بث انتر نت إلى 10 اجهزة\r\nمساحة تخزين : 32 قيقا ', 299, 10, 16, '', 1, 0, '5bb51703f2214.jpg', 1, '2018-10-03', ''),
(62, 'honor 7s', 'الرام 2قيقا\r\nالذاكرة 16 قيقا \r\nالكاميرا الخلفية 13 ميقا بكسل \r\nالكاميرا الأمامي 5 ميقا بكسل \r\nسعة البطارية 3020mAh\r\n', 429, 5, 16, '', 1, 0, '5bbce7c571012.jpg', 1, '2018-10-03', ''),
(63, 'كيبل شاحن سامسونق EONE cable', 'شاحن سامسونق بطول 1 متر \nضمان سنتين', 29, 20, 16, '', 4, 0, '5bb6220ae5eb2.jpg', 1, '2018-10-04', ''),
(64, 'كيبل شاحن ايفون EONE cable', 'شاحن ايفون بطول 1 متر \nضمان سنتين الوكيل', 29, 20, 16, '', 4, 0, '5bb621960b3c4.jpg', 1, '2018-10-04', ''),
(65, 'كيبل شاحن ايباد EONE cable', 'شاحن ايباد وايفون 4 بطول 1 متر \nضمان سنتين\n', 29, 10, 16, '', 4, 0, '5bb620d93e166.jpg', 1, '2018-10-04', ''),
(66, '3 كيابل شاحن ريماكس من Remax', '3 كيابل \nطول 1 متر ', 19, 100, 16, '', 4, 0, '5bb65d198463b.jpg', 1, '2018-10-04', ''),
(67, 'كيبل شاحن جلكسي remax cable', 'شاحن جلكسي طول 1 متر ', 7, 100, 16, '', 4, 0, '5bb65d3a075a1.jpg', 1, '2018-10-04', ''),
(68, 'كيبل شاحن ايباد remax cable', 'شاحن ايباد وايفون 4 طول 1 متر ', 13, 100, 16, '', 4, 0, '5bef82b7786aa.jpg', 1, '2018-10-04', ''),
(69, 'فيش جداري ANKER 24w 2-port usb charger', 'فيد جداري مدخلين بقوة 24واط\nظمان سنتين الوكيل', 79, 5, 16, '', 4, 0, '5bb65f83abf95.jpg', 1, '2018-10-04', ''),
(70, 'فيش سيارة ANKER', 'فيش سيارة مدخلين \nمدخل ثابت فيه سلك ايفون \nمدخل اخر ', 99, 5, 16, '', 4, 0, '5bb6612a64a85.jpg', 1, '2018-10-04', ''),
(71, 'كيبل شاحن ايفون Romss cable', 'كيبل شاحن ايفون بطول 1 متر \nضمان الوكيل', 29, 2, 16, '', 4, 0, '5bb662f32432d.jpg', 1, '2018-10-04', ''),
(72, 'بنك طاقة انكر anker core 26000', 'بنك طاقة بقوة 26000 امبير \nضمان سنتين الوكيل', 260, 4, 16, '', 5, 0, '5bb7a4b456f7e.jpg', 1, '2018-10-05', ''),
(73, 'بنك طاقة انكر anker core 13000', 'بنك طاقة بقوة 13000 امبير\nضمان سنتين الوكيل', 160, 5, 16, '', 5, 0, '5bb7a64ace25b.jpg', 1, '2018-10-05', ''),
(74, 'بنك طاقة انكر Anker core 10000', 'بنك طاقة 1000 ملي امبير \nضمان سنتين الوكيل', 119, 5, 16, '', 5, 0, '5bb8d2ddb26a1.jpg', 1, '2018-10-06', ''),
(75, 'بنك طاقة انكر Anker anker core mini 3350', 'بنك طاقة بقوة 3350', 69, 4, 16, '', 5, 0, '5bb8d4ea3a6c8.jpg', 1, '2018-10-06', ''),
(76, 'بنك طاقة راف بور RAVPOWER 10400  ', 'بنك طاقة راف بور 10400 ملي\nضمان سننين ااوكيل', 119, 5, 16, '', 5, 0, '5bb8d862510cb.jpg', 1, '2018-10-06', ''),
(77, 'بنك طاقة راف بور RAVPOWER 12000', 'بنك طاقة راف بور بسعة 12000 ملي امبير\nضمان سنتين الوكيل', 139, 5, 16, '', 5, 0, '5bb8d927a6f47.jpg', 1, '2018-10-06', ''),
(78, 'بنك طاقة بايسل piecell power bank 3000', 'بنك بور بيسل piecell power bank 3000', 69, 5, 16, '', 5, 0, '5bb8dc4eb0b0b.jpg', 1, '2018-10-06', ''),
(79, 'بنك طاقة بيسل piecell power bank 5200', 'بنك طاقة من بيسل بقوة 5200 ملي امبير \nضمان الوكيل', 79, 5, 16, '', 5, 0, '5bb8dd8235f60.jpg', 1, '2018-10-06', ''),
(80, 'سماعة بلوتوث qcy q26 bluetooth', 'سماعة بلوتوث طرف واحد ', 59, 1, 16, '', 2, 0, '5bb90536011c4.jpg', 1, '2018-10-06', ''),
(81, 'سماعة بلوتوث qcy q26 bluetooth', 'سماعة بلوتوث صغيرة طرف واحد', 59, 10, 16, '', 2, 0, '5bb905c7a74a4.jpg', 0, '2018-10-06', ''),
(82, 'اوكس EONE AUX', 'اوكس بطول 1.5متر ', 19, 10, 16, '', 2, 0, '5bb90671100bc.jpg', 1, '2018-10-06', ''),
(83, 'شاحن جداري EONE', 'رأس شاحن جداري منفذين مع سلك مايكرو للجلكسي \nشاحن بخاصية IQ\nضمان سنتين', 59, 10, 16, '', 7, 0, '5bb9baa627904.jpg', 1, '2018-10-07', ''),
(84, 'وصلة AUX من EONE', 'وصله AUX للاجهزه ايفون : \r\n7 / 7plus\r\n8 / 8plus\r\nXs / Xs max\r\nXr\r\n', 69, 10, 16, '', 4, 0, '5beeaf4b7c630.jpg', 1, '2018-10-08', ''),
(85, 'سماعة بلوتوث ANKER soundbuds lit ', 'سماعة بلوتوث انكر ضمان سنتين الوكيل \nمقاومة للماء\nوقت التشغيل 12 ساعة ', 159, 10, 18, '', 2, 0, '5bbb789055c5a.jpg', 1, '2018-10-08', ''),
(86, 'سبكر انكر ANKER bluetooth speaker', 'سبكر انكر ضمان الوكيل ', 169, 5, 16, '', 2, 0, '5bbb7a2aef22e.jpg', 1, '2018-10-08', ''),
(87, 'شاحن وايرلس joway wireless charger', 'شاحن وايرلس من شركة جوي ضمان سنتين \n', 89, 5, 16, '', 4, 0, '5bbb7c07d7671.jpg', 1, '2018-10-08', ''),
(88, 'ذاكرة تخزين 16 قيقا sandisk 16 gb', 'ذاكرة تخزين 16 قيقا من شركة sandisk 16 gb', 29, 5, 16, '', 2, 0, '5bbcbf0586bc8.jpg', 1, '2018-10-09', ''),
(89, 'ذاكرة تخزين 32 قيقا sandisk 32 gb', 'ذاكرة تخزين 32 قيقا من شركة  sandisk 32gb', 39, 5, 16, '', 2, 0, '5bbcbf609dfab.jpg', 1, '2018-10-09', ''),
(90, 'ذاكرة تخزين 64 قيقا sandisk 64 gb', 'ذاكرة تخزين 64 قيقا من شركة  sandisk 64gb', 99, 5, 16, '', 2, 0, '5bbcc0ec715f3.jpg', 1, '2018-10-09', ''),
(91, 'ذاكرة تخزين للجلكسي16 قيقا sandisk dual drive', 'ذاكرة تخزين مباشرة من الجوال وفيه مساحة تخزين 16 قيقا \nوالطرف الاخر يو اس بي للنقل للكمبيوتر', 39, 5, 16, '', 2, 0, '5bbce2247a5df.jpg', 1, '2018-10-09', ''),
(92, 'تحويلة شاحن للأيفون من Remax', 'تحويلة شاحن من جلكسي مايكرو للأيفون ', 19, 10, 16, '', 2, 0, '5bbcf4022ec86.jpg', 0, '2018-10-09', ''),
(93, 'كيبل شاحن مدمج jackery  juice2-in-1', 'كيبل شاحن ايفون مدمج مع بور بنك بسعة 450 ملي امبير \nتستطيح شحن الجوال 30% منالكيبل فقط\nضمان سنتين ', 88, 5, 16, '', 4, 0, '5bbf6d97ac3b6.jpg', 1, '2018-10-11', ''),
(100, 'قاعدة اكس للسيارة', 'قاعدة للسيارة اكس بلاصق قوي واصلي', 29, 10, 16, '', 2, 0, '5be3eeb8352b7.jpg', 1, '2018-11-02', ''),
(101, 'وصلة اتش دي واي فاي wifi display dongle', 'وصلة اتس دي واي فاي للأبل والأندر ويد \n*ملاحظة بالنسبه للربط بين الأجهزة \n1-الاندر ويد يربط بشبكة الواي فاي للأنتر نت وتربط بشبكة الواي فاي الناقل ؟\n2-أجهزة الأبل تربط فقط بالواي فاي بين الجوال والناقل للصوت الصوره وإذا اردت استخدام الانتر نت يجب ان يكون الانتر نت داخل الجول بالشريحة.', 99, 5, 16, '', 7, 0, '5be04ad750bb8.jpg', 0, '2018-11-05', ''),
(102, 'honor 8x', 'لمعالج: Hisilicon Kirin 710 ثماني النواة\nالتخزين / الرام: 128 جيجا مع 4 جيجا رام\nالكاميرا: خلفية مزدوجة 20+2 م.ب. / امامية 16 م.ب.\nالشاشة: 6.5 بوصة بدقة FHD+ بها نوتش\nنظام التشغيل: أندرويد اوريو 8.1\nالبطارية: 3750 مللي أمبير', 880, 2, 16, '', 1, 0, '5be3565e743b1.jpg', 1, '2018-11-07', ''),
(103, 'قراند برايم بلس', 'المواصفات\nالسعة	‎سعة 8 جيجابايت‎\nمقاس الشاشة	‎5 بوصة‎\nدقة وضوح الكاميرا	‎الخلفية: 8 ميجابيكسل، الامامية: 5 ميجابيكسل‎\nعدد مراكز المعالجة النواة	‎رباعي النواة‎\nسعة البطارية	‎2600 مل أمبير‎', 349, 3, 16, '', 1, 0, '5be609a355642.jpg', 0, '2018-11-09', ''),
(104, 'جالاكسي J7 prime2', 'المعالج : ثماني النواة بقوة 1.6 جيجا هرتز\r\nالتخزين : 32 قيقا ،،، الرام : 3 قيقا\r\nالكاميرا : خلفيه 13،،، الاماميه 13\r\nالشاشه : 5.5 بوصة بدقه Full HD\r\nالبطاريه : 3300mAh', 699, 2, 16, '', 1, 0, '5be8892824040.jpg', 0, '2018-11-11', ''),
(105, 'galaxy j7 prime 2 ', 'المواصفات\nالسعة	‎سعة 32 جيجابايت‎\nمقاس الشاشة	‎5.5 بوصة‎\nدقة وضوح الكاميرا	‎الخلفية: 13 ميجابيكسل، الامامية: 13 ميجابيكسل‎\nعدد مراكز المعالجة النواة	‎ثماني النواة‎\nسعة البطارية	‎3300 مل أمبير‎', 704, 2, 16, '', 1, 0, '5be92394a9e4d.jpg', 0, '2018-11-12', ''),
(106, 'Nokia130 ', 'شريحتين \r\nكاميرا خلفيه\r\nذاكره خارجيه \r\n،،،،ضمان اكسيوم سنتين،،،،', 95, 6, 16, '', 1, 0, '5be967cf74f1f.jpg', 0, '2018-11-12', ''),
(107, 'جالاكسي J4 2018', 'المعالج : رباعي النواة بقوة 1.4 جيجا هرتز\r\nالتخزين : 32 قيقا ،،، الرام : 2 قيقا\r\nالكاميرا : خلفيه 13ميقا بكسل،، الاماميه 2 ميقا بكسل\r\nالشاشه : 5.5 بوصة بدقه Full HD\r\nالبطاريه : 3000mAh', 479, 2, 16, '', 1, 0, '5bee49cb21573.jpg', 0, '2018-11-15', ''),
(108, 'Nokia 150 ', 'شريحتين\r\nكاميرا خلفيه \r\nذاكره خارجيه\r\n،،، ضمان اكسيوم سنتين ،،،', 119, 3, 16, '', 1, 0, '5bee4b0cd5884.jpg', 1, '2018-11-15', ''),
(109, 'سماعة ايفون الأصلية', 'سماعه ايفون للاجهزة ايفون :\r\n7 / 7plus \r\n8 / 8plus\r\n Xs / Xs max\r\nXr\r\n،،، ضمان حاسبات العرب ،،،', 139, 7, 16, '', 2, 0, '5bee6edfe8d1c.jpg', 1, '2018-11-16', ''),
(110, 'Nokia 105', 'شريحتين \r\n،،، ضمان اكسيوم سنتين ،،،', 75, 5, 16, '', 1, 0, '5beeacd9621a2.jpg', 1, '2018-11-16', ''),
(111, 'سلك شاحن ايفون ابل', 'سلك شاحن معتمد من ابل \r\n،،، ضمان حاسبات العرب ،،،', 80, 18, 16, '', 4, 0, '5bef0d0947e9f.jpg', 1, '2018-11-16', ''),
(112, 'شاحن سيارة مدمج بسلك ايفون من GRIFFIN', 'شاحن سيارة مدمج بسلك ايفون بطول متر ( 1m )\r\n\r\n,,, ضمان سنتين ،،،', 89, 3, 16, '', 4, 0, '5bf040e09e266.jpg', 1, '2018-11-17', ''),
(113, 'وصلة AUX سيارة ', 'وصلة AUX سيارة ', 20, 12, 16, '', 2, 0, '5bf0415a0c405.jpg', 1, '2018-11-17', ''),
(114, 'سلك شاحن ايفون من GRIFFIN', 'سلك للايفون بطول متر ونص ( 1.5m )\r\n\r\n,,, ضمان سنتين ،،،', 85, 3, 16, '', 4, 0, '5bf04318afa64.jpg', 1, '2018-11-17', ''),
(115, 'جراب سماعه الايربودز', 'جراب من السيلكون بجوده ممتازه جداً', 20, 10, 16, '', 2, 0, '5bf6ac397d19d.jpg', 1, '2018-11-22', ''),
(116, 'قاعدة شحن وايرلس من MiLi ', 'جوده عاليه \r\nمنفذ USB لشحن جهاز اخـر\r\n،،، ضمان سنتين ،،،', 69, 3, 16, '', 4, 0, '5bf6ae929c057.jpg', 1, '2018-11-22', ''),
(117, 'مسكه للجوال ', '،،', 9, 20, 16, '', 2, 0, '5bf6b277560b9.jpg', 1, '2018-11-22', ''),
(118, 'مسكه للجوال', '،،،', 9, 10, 16, '', 2, 0, '5bf6b2e404ad8.jpg', 1, '2018-11-22', ''),
(119, 'مسكه للجوال مع مغناطيس', '،،،', 9, 5, 16, '', 2, 0, '5bf6b699a91c2.jpg', 1, '2018-11-22', ''),
(120, 'سماعه للايفون من Eone ', 'جوده ممتازة\r\n،،، ضمان سنه ،،', 99, 5, 16, '', 2, 0, '5bf6ba67d8243.jpg', 1, '2018-11-22', ''),
(121, 'سلك شاحن للايفون من RavPower', 'سلك للايفون بطول مترين ( 2M )\r\nيدعم الشحن السريع\r\nمعتمد من ابل \r\n،،، ضمان سنتين ،،،', 50, 5, 16, '', 4, 0, '5bf6c2d97d9d6.jpg', 1, '2018-11-22', ''),
(122, 'سلك شاحن للايفون من RavPower', 'سلك للايفون بطول متر ( 1M)\r\nيدعم الشحن السريع\r\nمعتمد من ابل \r\n،،، ضمان سنتين ،،،', 45, 5, 16, '', 4, 0, '5bf6c3817ee6b.jpg', 1, '2018-11-22', ''),
(123, 'سلك شاحن للايفون من Crave', 'سلك للايفون بطول متر ونص ( 1.5M )\r\nمعتمد من ابل \r\n،،، ضمان سنتين ،،،', 59, 8, 16, '', 4, 0, '5bf6c79ae498a.jpg', 1, '2018-11-22', ''),
(124, 'ايفون  XR', 'السعه : 128 GB \r\nمقاس الشاشه : 6.1 بوصه \r\nالكاميرا الاماميه : 7 ميجابكسل \r\nالكاميرا الخلفيه : 12 ميجابكس', 3299, 10, 16, '', 1, 0, '5bfc15a850959.jpg', 1, '2018-11-26', ''),
(125, 'ايفون XS Max', 'السعة : 256 GB\r\nمقاس الشاشه : 6,5 بوصه \r\nالكاميرا الاماميه : 7 ميجابكسل\r\nالكاميرا الخلفيه : 12 ميجابكسل\r\n', 4499, 10, 16, '', 1, 0, '5bfc20448a584.jpg', 1, '2018-11-26', ''),
(126, 'شحن بيانات 300 قيقا ثلاث شهور  STC', 'تسوّق عن طريق الموقع وقم بالشراء\r\nثم يقوم فريق مخزن بإرسال رقم تفعيل الشحن \r\nعن طريق الواتس اب والإيميل ', 490, 20, 16, '', 6, 0, '5c037b321eddd.jpg', 1, '2018-12-02', ''),
(127, 'شحن بيانات 100 قيقا ثلاث شهور STC', 'تسوّق عن طريق الموقع وقم بالشراء\r\nثم يقوم فريق مخزن بإرسال رقم تفعيل الشحن \r\nعن طريق الواتس اب والإيميل ', 370, 20, 16, '', 6, 0, '5c037b1505f79.jpg', 1, '2018-12-02', ''),
(128, 'شحن بيانات 50 قيقا لمدة شهرين STC', 'تسوّق عن طريق الموقع وقم بالشراء\r\nثم يقوم فريق مخزن بإرسال رقم تفعيل الشحن \r\nعن طريق الواتس اب والإيميل ', 259, 20, 16, '', 6, 0, '5c037bf09696d.jpg', 1, '2018-12-02', ''),
(129, 'شحن بيانات 10 قيقا ثلاث شهور STC', 'تسوّق عن طريق الموقع وقم بالشراء\r\nثم يقوم فريق مخزن بإرسال رقم تفعيل الشحن \r\nعن طريق الواتس اب والإيميل ', 189, 20, 16, '', 6, 0, '5c037c841acaf.jpg', 1, '2018-12-02', ''),
(130, 'شحن بيانات 10 قيقا لمدة شهر STC', 'تسوّق عن طريق الموقع وقم بالشراء\r\nثم يقوم فريق مخزن بإرسال رقم تفعيل الشحن \r\nعن طريق الواتس اب والإيميل ', 120, 20, 16, '', 6, 0, '5c037ccf6f166.jpg', 1, '2018-12-02', ''),
(131, 'ايفون XS ', 'السعة :64 GB\nمقاس الشاشه : 5,8 بوصه\nالكاميرا الاماميه : 7 ميجابكسل\nالكاميرا الخلفيه : 12 ميجابكسل\n', 3999, 5, 16, '', 1, 0, '5c05366dc4936.jpg', 1, '2018-12-03', ''),
(132, 'هونر بلاي | HONOR PLAY', 'السعة : 64 GB\r\nمقاس الشاشه : 6,3 بوصه \r\nالكاميرا الاماميه : 16 ميجابكسل\r\nالكاميرا الخلفيه : 16 + 2 ميجابكسل\r\nسعة البطارية  : 3750 مل امبير \r\nمع قسيمة بقيمه ١٠٠٠$ دولار لالعاب هونر بلاي', 1049, 5, 16, '', 1, 0, '5c05386980261.jpg', 1, '2018-12-03', ''),
(133, 'هونر 7سي | HONOR 7C', 'السعة : 256 GB\r\nمقاس الشاشه : 5,99 بوصه \r\nالكاميرا الاماميه : 8 ميجابكسل\r\nالكاميرا الخلفيه : 13 ميجابكسل\r\nسعة البطارية : 3000 مل امبير ', 639, 5, 16, '', 1, 0, '5c053b02a197f.jpg', 1, '2018-12-03', ''),
(134, 'هونر 7سي | HONOR 7C', 'السعة : 256 GB\r\nمقاس الشاشه : 6,5 بوصه \r\nالكاميرا الاماميه : 7 ميجابكسل\r\nالكاميرا الخلفيه : 12 ميجابكسل\r\n', 639, 5, 16, '', 1, 0, '5c053b04de076.jpg', 0, '2018-12-03', ''),
(135, 'راوتر هواوي برو B315', 'سرعه تصل حتى 150Mbps\r\nالشبكة : 4G LTE\r\n', 349, 3, 16, '', 3, 0, '5c055a1b7bc0f.jpg', 1, '2018-12-03', ''),
(136, 'شحن بيانات 150 قيقا ثلاث شهور STC', 'تسوّق عن طريق الموقع وقم بالشراء\r\nثم يقوم فريق مخزن بإرسال رقم تفعيل الشحن \r\nعن طريق الواتس اب والإيميل ', 399, 5, 16, '', 6, 0, '5c0f8a6b4bc35.jpg', 0, '2018-12-11', ''),
(137, 'باور بنك هواوي 10000mAh', 'مدخل USB واحد\r\nيدعم الشحن السريع \r\n،،، ضمان سنتين ،،،', 90, 5, 16, '', 5, 0, '5c0fa39d9d4ae.jpg', 1, '2018-12-11', ''),
(138, 'تابلت EXCEED TABLET مقاس 7انش 3g', 'تابلت من شركة إكسيد ضمان سنتين الوكيل إتحاد المتخصص\n-شريحتين إتصال \n-مدخل شريحة تخزين خارجي \nهدايا داخل الكرتون جراب حماية', 199, 10, 16, '', 7, 0, '5cc0b43791078.jpg', 1, '2019-04-24', ''),
(139, 'تابلت EXCEED TABLET مقاس 10انش 4g', 'تابلت من شركة إكسيد ضمان سنتين الوكيل إتحاد المتخصص\n-شريحتين إتصال \n-مدخل شريحة تخزين خارجي \nهدايا داخل الكرتون جراب حماية', 399, 10, 16, '', 7, 0, '5cc0b4868429d.jpg', 1, '2019-04-24', ''),
(140, 'سماعات ايفون aux eone', 'سماعات ايفون 6-5\nضمان سنه من الوكيل \nجوده رايعة', 19, 20, 16, '', 7, 0, '5cc0e0330ed2e.jpg', 1, '2019-04-25', ''),
(141, 'سماعات جلكسي aux eone', 'سماعات جلكسي\nضمان سنه من الوكيل \nجوده رايعائة', 19, 20, 16, '', 7, 0, '5cc0e0d102bd2.jpg', 1, '2019-04-25', ''),
(142, 'كرت شحن بينات 50 قيقا لمدة ثلاث شهور  موبايلي', 'اشتر باقة الانتر نت ونرسل على رقم الإتصال الخاص فيكم رقم التفعيل', 270, 5, 16, '', 6, 0, '5cc9015e66f22.jpg', 1, '2019-05-01', ''),
(143, 'كرت شحن انتر نت 300 قيقا لمدة ثلاث اشهر موبايلي', 'اشتر باقة الانتر نت ونرسل على رقم الإتصال الخاص فيكم رقم التفعيل', 460, 5, 16, '', 6, 0, '5cc9030f04523.jpg', 1, '2019-05-01', ''),
(144, 'كرت شحن 10قيقا لمدة ثلاث شهور موبايلي', 'اشتر باقة الانتر نت ونرسل على رقم الإتصال الخاص فيكم رقم التفعيل', 180, 5, 16, '', 6, 0, '5cc903b6c651c.jpg', 1, '2019-05-01', ''),
(145, 'كرت شحن انتر نت 10 قيقا لمدة شهر موبايلي', 'اشتر باقة الانتر نت ونرسل على رقم الإتصال الخاص فيكم رقم التفعيل', 110, 5, 16, '', 6, 0, '5cc9053410d21.jpg', 1, '2019-05-01', ''),
(146, 'كرت شحن انتر نت 10 قيقا لمدة شهر موبايلي', 'اشتر باقة الانتر نت ونرسل على رقم الإتصال الخاص فيكم رقم التفعيل', 110, 5, 16, '', 6, 0, '5cc9053be925c.jpg', 1, '2019-05-01', ''),
(147, 'كرت شحن انتر نت 50 قيقا لمدة شهرين موبايلي', 'اشتر باقة الانتر نت ونرسل على رقم الإتصال الخاص فيكم رقم التفعيل', 230, 5, 16, '', 6, 0, '5cc908c29308e.jpg', 1, '2019-05-01', '');

-- --------------------------------------------------------

--
-- Table structure for table `product_colors`
--

CREATE TABLE `product_colors` (
  `id` int(11) NOT NULL,
  `color` varchar(255) CHARACTER SET utf8 NOT NULL,
  `product_id` int(11) NOT NULL,
  `created_at` date NOT NULL
) ENGINE=MyISAM DEFAULT CHARSET=latin1;

--
-- Dumping data for table `product_colors`
--

INSERT INTO `product_colors` (`id`, `color`, `product_id`, `created_at`) VALUES
(36, 'احمر', 42, '0000-00-00'),
(28, 'اصفر', 16, '0000-00-00'),
(7, 'اخضر', 38, '0000-00-00'),
(8, 'اصفر', 38, '0000-00-00'),
(9, 'اخضر', 40, '0000-00-00'),
(10, 'اصفر', 40, '0000-00-00'),
(27, 'احمر', 16, '0000-00-00'),
(17, 'اخضر', 41, '0000-00-00'),
(18, 'اصفر', 41, '0000-00-00'),
(35, 'ابيض', 42, '0000-00-00'),
(29, '', 43, '0000-00-00'),
(30, '', 43, '0000-00-00'),
(34, 'فضي', 44, '0000-00-00'),
(33, 'رمادي', 44, '0000-00-00'),
(48, 'اسود', 52, '0000-00-00'),
(63, 'رمادي ', 45, '0000-00-00'),
(62, 'ذهبي', 45, '0000-00-00'),
(99, 'رمادي', 22, '0000-00-00'),
(41, 'رصاصي', 46, '0000-00-00'),
(42, 'اسود', 48, '0000-00-00'),
(43, 'اسود', 49, '0000-00-00'),
(44, 'اسود', 50, '0000-00-00'),
(45, 'اسود', 51, '0000-00-00'),
(49, 'فضي', 52, '0000-00-00'),
(50, 'اسود', 53, '0000-00-00'),
(51, 'احمر ', 53, '0000-00-00'),
(52, 'ابيض', 53, '0000-00-00'),
(53, 'اسود', 54, '0000-00-00'),
(54, 'ذهبي', 54, '0000-00-00'),
(55, 'اسود ابيض', 55, '0000-00-00'),
(141, 'رصاصي ', 56, '0000-00-00'),
(143, 'رصاصي ', 57, '0000-00-00'),
(60, 'رمادي', 58, '0000-00-00'),
(118, 'اسود ', 59, '0000-00-00'),
(64, 'رمادي', 60, '0000-00-00'),
(65, 'اسود', 61, '0000-00-00'),
(66, 'ازرق', 62, '0000-00-00'),
(67, 'اسود ', 63, '0000-00-00'),
(68, 'ابيض', 63, '0000-00-00'),
(69, 'اسود', 64, '0000-00-00'),
(70, 'ابيض', 65, '0000-00-00'),
(71, 'اسود', 69, '0000-00-00'),
(72, 'اسود', 70, '0000-00-00'),
(73, 'ذهبي', 71, '0000-00-00'),
(74, 'اسود', 72, '0000-00-00'),
(76, 'اسود', 73, '0000-00-00'),
(77, 'ابيض', 73, '0000-00-00'),
(78, 'اسود', 74, '0000-00-00'),
(79, 'اسود', 75, '0000-00-00'),
(80, 'فضي ', 75, '0000-00-00'),
(81, 'روز', 75, '0000-00-00'),
(82, 'اسود', 76, '0000-00-00'),
(83, 'اسود', 77, '0000-00-00'),
(84, 'اسود', 78, '0000-00-00'),
(85, 'اسود', 79, '0000-00-00'),
(86, 'ابيض', 80, '0000-00-00'),
(87, 'ابيض', 81, '0000-00-00'),
(88, 'رصاصي ', 82, '0000-00-00'),
(89, 'ذهبي', 82, '0000-00-00'),
(90, 'ابيض', 83, '0000-00-00'),
(91, 'ابيض', 84, '0000-00-00'),
(92, 'اسود', 85, '0000-00-00'),
(93, 'اسود', 86, '0000-00-00'),
(94, 'اسود', 87, '0000-00-00'),
(95, 'اسود', 19, '0000-00-00'),
(96, 'رمادي', 19, '0000-00-00'),
(97, 'اسود', 93, '0000-00-00'),
(101, 'ازرق', 102, '0000-00-00'),
(100, 'فضي', 22, '0000-00-00'),
(102, 'اسود', 102, '0000-00-00'),
(103, 'ذهبي', 103, '0000-00-00'),
(104, 'فضي معدني', 103, '0000-00-00'),
(105, 'ذهبي', 104, '0000-00-00'),
(106, 'اسود', 104, '0000-00-00'),
(107, 'اسود ', 105, '0000-00-00'),
(108, 'ذهبي', 105, '0000-00-00'),
(109, 'اسود', 106, '0000-00-00'),
(110, 'اسود', 107, '0000-00-00'),
(111, 'اسود', 108, '0000-00-00'),
(112, 'ابيض', 109, '0000-00-00'),
(113, 'اسود', 110, '0000-00-00'),
(114, 'ابيض', 111, '0000-00-00'),
(115, 'اسود', 112, '0000-00-00'),
(116, 'اسود', 113, '0000-00-00'),
(117, 'روز', 114, '0000-00-00'),
(119, 'ابيض', 59, '0000-00-00'),
(120, 'اسود ', 115, '0000-00-00'),
(121, 'كحلي', 115, '0000-00-00'),
(122, 'ابيض', 116, '0000-00-00'),
(123, 'ابيض', 117, '0000-00-00'),
(124, 'اسود', 117, '0000-00-00'),
(125, 'ازرق', 117, '0000-00-00'),
(126, 'رصاصي', 117, '0000-00-00'),
(127, 'اسود ', 118, '0000-00-00'),
(128, 'بني ', 118, '0000-00-00'),
(129, 'رصاصي', 118, '0000-00-00'),
(134, 'وردي', 119, '0000-00-00'),
(133, 'ازرق', 119, '0000-00-00'),
(135, 'احمر', 119, '0000-00-00'),
(136, 'ابيض', 120, '0000-00-00'),
(137, 'اسود', 121, '0000-00-00'),
(138, 'اسود', 122, '0000-00-00'),
(139, 'فضي', 123, '0000-00-00'),
(140, 'رمادي ', 123, '0000-00-00'),
(142, 'ذهبي', 56, '0000-00-00'),
(144, 'ذهبي', 57, '0000-00-00'),
(145, 'اسود ', 124, '0000-00-00'),
(146, 'احمر ', 124, '0000-00-00'),
(147, 'ابيض', 124, '0000-00-00'),
(148, 'ازرق', 124, '0000-00-00'),
(149, 'ذهبي', 125, '0000-00-00'),
(150, 'اسود', 20, '0000-00-00'),
(151, 'ذهبي', 131, '0000-00-00'),
(152, 'ازرق ', 132, '0000-00-00'),
(153, 'ذهبي ', 133, '0000-00-00'),
(154, 'اسود ', 133, '0000-00-00'),
(155, 'ازرق', 133, '0000-00-00'),
(156, 'ذهبي ', 134, '0000-00-00'),
(157, 'اسود ', 134, '0000-00-00'),
(158, 'ازرق', 134, '0000-00-00'),
(159, 'اسود', 135, '0000-00-00'),
(163, 'اسود', 137, '0000-00-00'),
(161, 'ذهبي ', 92, '0000-00-00'),
(162, 'احمر ', 92, '0000-00-00'),
(164, 'ابيض', 137, '0000-00-00'),
(165, 'اسود', 138, '0000-00-00'),
(166, 'اسود', 139, '0000-00-00'),
(167, 'ايفون ', 66, '0000-00-00'),
(168, 'جلكسي', 66, '0000-00-00'),
(169, 'تاب', 66, '0000-00-00'),
(170, 'تايب سي', 66, '0000-00-00'),
(171, 'ابيض', 101, '0000-00-00'),
(172, ' ', 142, '0000-00-00'),
(173, ' ', 142, '0000-00-00'),
(174, ' ', 142, '0000-00-00'),
(175, ' ', 142, '0000-00-00'),
(176, ' ', 142, '0000-00-00'),
(177, ' ', 143, '0000-00-00'),
(178, ' ', 143, '0000-00-00'),
(179, ' ', 143, '0000-00-00'),
(180, ' ', 143, '0000-00-00'),
(181, ' ', 143, '0000-00-00'),
(182, ' ', 145, '0000-00-00'),
(183, ' ', 145, '0000-00-00'),
(184, ' ', 145, '0000-00-00'),
(185, ' ', 145, '0000-00-00'),
(186, ' ', 145, '0000-00-00'),
(187, ' ', 146, '0000-00-00'),
(188, ' ', 146, '0000-00-00'),
(189, ' ', 146, '0000-00-00'),
(190, ' ', 146, '0000-00-00'),
(191, ' ', 146, '0000-00-00');

-- --------------------------------------------------------

--
-- Table structure for table `product_comments`
--

CREATE TABLE `product_comments` (
  `id` int(11) NOT NULL,
  `user_id` int(11) NOT NULL,
  `product_id` int(11) NOT NULL,
  `comment` text CHARACTER SET utf8 NOT NULL,
  `created_at` date NOT NULL,
  `time` time NOT NULL
) ENGINE=MyISAM DEFAULT CHARSET=latin1;

--
-- Dumping data for table `product_comments`
--

INSERT INTO `product_comments` (`id`, `user_id`, `product_id`, `comment`, `created_at`, `time`) VALUES
(9, 1, 72, 'منتج جيد جدا', '2018-10-22', '02:54:30'),
(10, 129, 53, 'ايش ضمان الشاحن', '2018-12-13', '11:58:17'),
(7, 20, 53, 'اين موقعكم', '2018-10-09', '04:48:51');

-- --------------------------------------------------------

--
-- Table structure for table `product_images`
--

CREATE TABLE `product_images` (
  `id` int(11) NOT NULL,
  `image_name` varchar(255) CHARACTER SET utf8 NOT NULL,
  `product_id` int(11) NOT NULL,
  `created_at` date NOT NULL
) ENGINE=MyISAM DEFAULT CHARSET=latin1;

--
-- Dumping data for table `product_images`
--

INSERT INTO `product_images` (`id`, `image_name`, `product_id`, `created_at`) VALUES
(3, 'Huawei P8 Lite 2017 Black 500x500.jpg', 1, '2018-07-09'),
(4, 'Huawei-GR3-2017-571x571.png', 1, '2018-07-09'),
(5, 'csm_4_zu_3_Huawei_P8_Lite_1a52ebb155.jpg', 1, '2018-07-09'),
(34, 'csm_4_zu_3_Huawei_P8_Lite_1a52ebb155.jpg', 1, '2018-07-09'),
(52, 'de01cd99304aaf590cc5ad9c01d8393a.jpg', 3, '2018-09-04'),
(53, '6844380c2d10082dcf7d862bd35d3459.jpg', 3, '2018-09-04'),
(8, '5b601233ac520.jpg', 13, '2018-07-31'),
(9, '5b6013796c0e3.jpg', 13, '2018-07-31'),
(10, '5b6013a111b41.jpg', 13, '2018-07-31'),
(11, '5b601be4aca88.jpg', 13, '2018-07-31'),
(12, '5b8026a5d3f42.jpg', 16, '2018-08-24'),
(13, '5b8026a703041.jpg', 16, '2018-08-24'),
(55, '5ba12313654a3.jpg', 33, '2018-09-18'),
(20, '5b8039c2c0e10.jpg', 18, '2018-08-24'),
(60, 'b9bfb51118248675cdd70f0261cb1b0d.jpg', 16, '2018-09-25'),
(23, '5b89013c75c9e.jpg', 17, '2018-08-31'),
(24, '5b8946fa71c71.jpg', 23, '2018-08-31'),
(25, '5b894761c902e.jpg', 17, '2018-08-31'),
(26, '5b894782035fb.jpg', 17, '2018-08-31'),
(27, '5b8947faec77f.jpg', 23, '2018-08-31'),
(28, '5b8948141fe76.jpg', 23, '2018-08-31'),
(29, '5b89482049acd.jpg', 23, '2018-08-31'),
(30, '5b89486f4ef1b.jpg', 23, '2018-08-31'),
(31, '5b89942297861.jpg', 25, '2018-08-31'),
(32, '5b8996cde2edb.jpg', 25, '2018-08-31'),
(33, '5b8996cf1c7f9.jpg', 25, '2018-08-31'),
(50, '570d38140caaf1fb1e472de5dc1a0aa6.jpg', 3, '2018-09-04'),
(51, '5f4cf3450cd7f68abe22744641de90aa.jpg', 3, '2018-09-04'),
(48, '70474b51d25474e4251c0f844df81c2f.jpeg', 6, '2018-09-04'),
(57, '5ba37751f18f9.jpg', 36, '2018-09-20'),
(56, '5ba123d3c473d.jpg', 33, '2018-09-18'),
(49, '29183dd4e6b5440b9a8ba369e69d93da.jpg', 6, '2018-09-04'),
(58, '5ba3844a4914e.jpg', 21, '2018-09-20'),
(61, 'e591bc8831fe175c60a092a40bcc1a22.jpg', 47, '2018-10-01'),
(62, '536809dcc28313e773b2b6bc8dafcd10.jpg', 47, '2018-10-01'),
(63, '13412bfb483c98504f2772c895c22c67.jpg', 47, '2018-10-01'),
(64, '5bb2650bc8b53.jpg', 48, '2018-10-01'),
(65, '47869d7deb868aa6d742f8955a2f209c.jpg', 49, '2018-10-02'),
(66, '5bb3c289bc118.jpg', 50, '2018-10-02'),
(67, '5bb3c610dc5c1.jpg', 51, '2018-10-02'),
(68, '5bb47db3d2af9.jpg', 54, '2018-10-03'),
(69, '5bb47db598525.jpg', 54, '2018-10-03'),
(70, '5bb47e7fc51ac.jpg', 53, '2018-10-03'),
(71, '5bb480b1a8fba.jpg', 52, '2018-10-03'),
(72, '5bb4824b33649.jpg', 55, '2018-10-03'),
(73, '5bb4e446eba2a.jpg', 56, '2018-10-03'),
(74, '5bb4e59858f28.jpg', 57, '2018-10-03'),
(75, '5bb50da5df1f7.jpg', 58, '2018-10-03'),
(76, '5bb50f818b3e1.jpg', 59, '2018-10-03'),
(77, '5bb513fa74503.jpg', 45, '2018-10-03'),
(78, '5bb51704e7c29.jpg', 61, '2018-10-03'),
(99, '5bbf6d9944703.jpg', 93, '2018-10-11'),
(84, '5bb62209e0230.jpg', 63, '2018-10-04'),
(83, '5bb6219721f83.jpg', 64, '2018-10-04'),
(82, '5bb620dade8df.jpg', 65, '2018-10-04'),
(85, '5bb6220a154f3.jpg', 63, '2018-10-04'),
(86, '5bb65f855adc8.jpg', 69, '2018-10-04'),
(87, '5bb6612c89abf.jpg', 70, '2018-10-04'),
(88, '5bb662f7526dc.jpg', 71, '2018-10-04'),
(89, '5bb7a4b5e94af.jpg', 72, '2018-10-05'),
(90, '5bb7a64c5508a.jpg', 73, '2018-10-05'),
(91, '5bb8d2de29b4e.jpg', 74, '2018-10-06'),
(92, '5bb8d4eb72bd2.jpg', 75, '2018-10-06'),
(93, '5bb8d4ed8bd04.jpg', 75, '2018-10-06'),
(94, '5bb9053651a65.jpg', 80, '2018-10-06'),
(95, '5bbb7890cfde8.jpg', 85, '2018-10-08'),
(96, '5bbb78934d094.jpg', 85, '2018-10-08'),
(97, '5bbb7c09bafa4.jpg', 87, '2018-10-08'),
(98, '5bbce227bc1d0.jpg', 91, '2018-10-09'),
(100, '5bbf6d9968f30.jpg', 93, '2018-10-11'),
(148, '5bef8273df0c4.jpg', 65, '2018-11-16'),
(147, '5beeacdac4700.jpg', 110, '2018-11-16'),
(146, '5bee6ee32d0f2.jpg', 109, '2018-11-16'),
(144, '5bee49cfa0067.jpg', 107, '2018-11-15'),
(145, '5bee4b1223433.jpg', 108, '2018-11-15'),
(143, '5be923955d855.jpg', 105, '2018-11-12'),
(142, '5be88937c37a4.jpg', 104, '2018-11-11'),
(141, '5be3f27a92eb7.jpg', 20, '2018-11-08'),
(138, '0edb82b77cbbf2799da4787eb4cfe0bc.jpeg', 99, '2018-10-30'),
(140, '5be3565f0c402.jpg', 102, '2018-11-07'),
(139, '5bdc7c6c72099.jpg', 100, '2018-11-02'),
(136, '72d3dc3a964114066957b54f52f9f41a.jpg', 99, '2018-10-30'),
(149, '5bf6ac402a542.jpg', 115, '2018-11-22'),
(150, '5bf6b280c3c66.jpg', 117, '2018-11-22'),
(151, '5bf6b69690ca4.jpg', 119, '2018-11-22'),
(152, '5bf6ba914ecba.jpg', 120, '2018-11-22'),
(153, '5bf6c2e41c85d.jpg', 121, '2018-11-22'),
(154, '5bf6c38a4f221.jpg', 122, '2018-11-22'),
(155, '5bf6c7a378719.jpg', 123, '2018-11-22'),
(156, '5bf6c7a75987d.jpg', 123, '2018-11-22'),
(157, '5bfc15b07ecdf.jpg', 124, '2018-11-26'),
(158, '5bfc15b6dbe8f.jpg', 124, '2018-11-26'),
(159, '5bfc204691c06.jpg', 125, '2018-11-26'),
(160, '5c05386cced7d.jpg', 132, '2018-12-03'),
(161, '5c053b0627c70.jpg', 133, '2018-12-03'),
(162, '5c055a1d356b2.jpg', 135, '2018-12-03'),
(163, '5c0fa39f6b98e.jpg', 137, '2018-12-11'),
(164, '5c0fa3a140513.jpg', 137, '2018-12-11'),
(165, '5cc0b43800ae0.jpg', 138, '2019-04-24'),
(166, '5cc0b4387f265.jpg', 138, '2019-04-24'),
(167, '5cc0e03382673.jpg', 140, '2019-04-25'),
(168, '5cc0e0d179e60.jpg', 141, '2019-04-25');

-- --------------------------------------------------------

--
-- Table structure for table `product_rates`
--

CREATE TABLE `product_rates` (
  `id` int(11) NOT NULL,
  `user_id` int(11) NOT NULL,
  `product_id` int(11) NOT NULL,
  `rate` varchar(5) NOT NULL,
  `created_at` date NOT NULL
) ENGINE=MyISAM DEFAULT CHARSET=latin1;

--
-- Dumping data for table `product_rates`
--

INSERT INTO `product_rates` (`id`, `user_id`, `product_id`, `rate`, `created_at`) VALUES
(6, 21, 88, '5', '2018-10-10'),
(5, 21, 87, '3', '2018-10-10'),
(7, 21, 89, '5', '2018-10-10'),
(8, 21, 92, '4', '2018-10-10'),
(9, 21, 86, '5', '2018-10-10'),
(10, 21, 16, '4', '2018-10-10'),
(11, 21, 72, '5', '2018-10-10'),
(12, 21, 77, '4', '2018-10-10'),
(13, 21, 75, '4', '2018-10-10'),
(14, 21, 47, '5', '2018-10-10'),
(15, 21, 46, '4', '2018-10-10'),
(16, 21, 62, '5', '2018-10-10'),
(17, 21, 45, '4', '2018-10-10'),
(18, 12, 74, '3', '2018-11-08'),
(19, 62, 72, '1', '2018-12-03'),
(20, 78, 83, '5', '2018-12-11'),
(21, 80, 62, '4', '2018-12-11'),
(22, 12, 132, '5', '2018-12-12'),
(23, 29, 131, '5', '2019-01-29'),
(24, 181, 129, '3', '2019-03-24'),
(25, 181, 128, '5', '2019-03-25');

-- --------------------------------------------------------

--
-- Table structure for table `settings`
--

CREATE TABLE `settings` (
  `id` int(11) NOT NULL,
  `app_name` varchar(100) NOT NULL,
  `email` varchar(255) NOT NULL,
  `phone` varchar(50) NOT NULL,
  `address` varchar(255) NOT NULL,
  `tax` int(11) NOT NULL,
  `min_balance` int(11) NOT NULL,
  `app_balance` int(11) NOT NULL,
  `facebook` varchar(255) NOT NULL,
  `twitter` varchar(255) NOT NULL,
  `google_plus` varchar(255) NOT NULL,
  `youtube` varchar(255) NOT NULL,
  `instagram` varchar(255) NOT NULL,
  `android_app` varchar(255) NOT NULL,
  `ios_app` varchar(255) NOT NULL
) ENGINE=InnoDB DEFAULT CHARSET=utf8;

--
-- Dumping data for table `settings`
--

INSERT INTO `settings` (`id`, `app_name`, `email`, `phone`, `address`, `tax`, `min_balance`, `app_balance`, `facebook`, `twitter`, `google_plus`, `youtube`, `instagram`, `android_app`, `ios_app`) VALUES
(1, 'مخزن', 'makza440@gmail.com', '0509885160', 'المملكة العربية السعودية -القصيم -بريدة', 0, 1000, 0, 'https://www.facebook.com', 'https://twitter.com', 'https://plus.google.com/discover', 'https://www.youtube.com', 'https://www.instagram.com', 'https://play.google.com/store/apps/details?id=com.makhzan.app', 'https://itunes.apple.com/us/app/%D9%85%D8%AE%D8%B2%D9%86-makzan/id1431336474');

-- --------------------------------------------------------

--
-- Table structure for table `slider`
--

CREATE TABLE `slider` (
  `id` int(11) NOT NULL,
  `title` varchar(255) NOT NULL,
  `note` varchar(255) NOT NULL,
  `image` varchar(255) NOT NULL,
  `created_at` date NOT NULL,
  `updated_at` date NOT NULL
) ENGINE=InnoDB DEFAULT CHARSET=utf8;

--
-- Dumping data for table `slider`
--

INSERT INTO `slider` (`id`, `title`, `note`, `image`, `created_at`, `updated_at`) VALUES
(1, '.', '.', 'اعلان_مخزن-2.jpg', '2018-09-06', '2018-12-11'),
(2, '.', '.', 'بو_ستر-2.jpg', '2018-09-06', '2018-12-16');

-- --------------------------------------------------------

--
-- Table structure for table `sub_orders`
--

CREATE TABLE `sub_orders` (
  `id` int(11) NOT NULL,
  `main_order_id` int(11) NOT NULL,
  `merchant_id` int(11) NOT NULL,
  `customer_id` int(11) NOT NULL,
  `created_at` date NOT NULL,
  `sub_total` int(11) NOT NULL,
  `total` int(11) NOT NULL,
  `delivering_method_id` int(11) NOT NULL,
  `delivering_method_price` int(11) NOT NULL,
  `tax` int(11) NOT NULL,
  `rate` int(11) NOT NULL,
  `status_id` int(11) NOT NULL
) ENGINE=MyISAM DEFAULT CHARSET=latin1;

--
-- Dumping data for table `sub_orders`
--

INSERT INTO `sub_orders` (`id`, `main_order_id`, `merchant_id`, `customer_id`, `created_at`, `sub_total`, `total`, `delivering_method_id`, `delivering_method_price`, `tax`, `rate`, `status_id`) VALUES
(1, 1, 16, 1, '0000-00-00', 300, 450, 1, 15, 150, 0, 4),
(2, 2, 16, 12, '0000-00-00', 379, 394, 1, 15, 0, 0, 4),
(3, 3, 16, 12, '0000-00-00', 3850, 3880, 3, 30, 0, 0, 4),
(4, 4, 16, 1, '2018-11-04', 9454, 12759, 1, 15, 300, 0, 4),
(5, 5, 16, 1, '2018-11-04', 52778, 53108, 3, 30, 300, 0, 4),
(6, 5, 18, 1, '2018-11-04', 5332, 5682, 3, 50, 300, 0, 1),
(7, 6, 16, 1, '2018-11-04', 89758, 90073, 1, 15, 300, 0, 4),
(8, 6, 18, 1, '2018-11-04', 584, 914, 1, 30, 300, 0, 1),
(9, 7, 16, 1, '2018-11-04', 89758, 90073, 1, 15, 300, 0, 1),
(10, 7, 18, 1, '2018-11-04', 584, 914, 1, 30, 300, 0, 1),
(11, 8, 16, 1, '2018-11-04', 8300, 8615, 1, 15, 300, 0, 4),
(12, 9, 16, 1, '2018-11-04', 8300, 8615, 1, 15, 300, 0, 4),
(13, 10, 16, 1, '2018-11-04', 8300, 8615, 1, 15, 300, 0, 4),
(14, 11, 16, 1, '2018-11-04', 8529, 8844, 1, 15, 300, 0, 4),
(15, 12, 16, 1, '2018-11-04', 8529, 8859, 3, 30, 300, 0, 4),
(16, 13, 16, 1, '2018-11-04', 8300, 8615, 1, 15, 300, 0, 4),
(17, 14, 18, 1, '2018-11-04', 403, 753, 3, 50, 300, 0, 1),
(18, 14, 16, 1, '2018-11-04', 5192, 5522, 3, 30, 300, 0, 4),
(19, 15, 16, 37, '0000-00-00', 999, 1014, 1, 15, 0, 0, 4),
(20, 16, 16, 97, '0000-00-00', 399, 414, 1, 15, 0, 0, 4),
(21, 17, 16, 153, '0000-00-00', 5199, 5229, 3, 30, 0, 0, 4),
(22, 18, 16, 153, '0000-00-00', 5199, 5229, 3, 30, 0, 0, 4),
(23, 19, 16, 1, '2019-02-06', 260, 295, 4, 35, 0, 0, 4),
(24, 20, 16, 1, '2019-02-06', 69, 84, 1, 15, 0, 0, 4),
(25, 21, 16, 234, '2019-04-24', 229, 244, 1, 15, 0, 0, 4),
(26, 22, 16, 36, '0000-00-00', 460, 475, 4, 15, 0, 0, 4),
(27, 23, 16, 267, '0000-00-00', 160, 175, 1, 15, 0, 0, 4),
(28, 24, 16, 36, '0000-00-00', 270, 285, 1, 15, 0, 0, 4),
(29, 27, 16, 12, '0000-00-00', 758, 773, 1, 0, 0, 0, 1),
(30, 28, 16, 12, '0000-00-00', 3999, 3999, 4, 0, 0, 0, 1),
(31, 29, 16, 12, '0000-00-00', 7, 7, 4, 0, 0, 0, 1),
(32, 30, 16, 12, '0000-00-00', 7, 7, 4, 0, 0, 0, 1),
(33, 31, 16, 12, '0000-00-00', 7, 7, 4, 0, 0, 0, 1);

-- --------------------------------------------------------

--
-- Table structure for table `tickets`
--

CREATE TABLE `tickets` (
  `id` int(11) NOT NULL,
  `ticket_type_id` int(11) NOT NULL,
  `content` text NOT NULL,
  `created_by` int(11) NOT NULL,
  `type` tinyint(4) NOT NULL COMMENT '0 = merchant , 1 = user',
  `status_id` tinyint(4) NOT NULL COMMENT '0 = unread, 1 = read',
  `created_at` date NOT NULL,
  `updated_at` date NOT NULL
) ENGINE=InnoDB DEFAULT CHARSET=utf8;

--
-- Dumping data for table `tickets`
--

INSERT INTO `tickets` (`id`, `ticket_type_id`, `content`, `created_by`, `type`, `status_id`, `created_at`, `updated_at`) VALUES
(11, 1, 'ابلبلي يدذ اتل', 18, 0, 0, '2018-10-23', '0000-00-00'),
(12, 2, 'اختبار المشكله', 18, 0, 0, '2018-10-30', '0000-00-00'),
(13, 2, 'تواجهني مشكلة في .... الرجاء النظر فيها\r\n\r\nمع تحياتي', 18, 0, 0, '2018-11-04', '0000-00-00'),
(14, 1, 'ا', 48, 1, 0, '2018-11-30', '0000-00-00'),
(15, 1, 'الجوال بالتقاسيط ب 200 كم سنه ولا كاش هاذي النقطه مافهمتها', 153, 1, 0, '2018-12-14', '0000-00-00'),
(16, 3, 'ابي جوال ايفون تقاسيط هل انتم من جد معكم؟', 153, 1, 0, '2018-12-14', '0000-00-00'),
(17, 2, 'يارب الابي اي تعجبكم ', 17, 0, 0, '2018-12-31', '0000-00-00'),
(18, 1, 'ماهو ضمان ايفون xs الجديد؟!', 231, 1, 0, '2019-04-24', '0000-00-00'),
(19, 1, 'لايش استخدم وصلة اتش دي واي فاي ؟؟ ', 241, 1, 0, '2019-04-26', '0000-00-00');

-- --------------------------------------------------------

--
-- Table structure for table `tickets_replies`
--

CREATE TABLE `tickets_replies` (
  `id` int(11) NOT NULL,
  `ticket_id` int(11) NOT NULL,
  `created_by` int(11) DEFAULT NULL,
  `reply_type` int(11) NOT NULL COMMENT '0 = merchant , 1 = user , 2 = admin',
  `created_at` date NOT NULL,
  `time` time NOT NULL,
  `content` text NOT NULL
) ENGINE=InnoDB DEFAULT CHARSET=utf8;

--
-- Dumping data for table `tickets_replies`
--

INSERT INTO `tickets_replies` (`id`, `ticket_id`, `created_by`, `reply_type`, `created_at`, `time`, `content`) VALUES
(7, 11, 18, 0, '2018-10-23', '12:55:55', 'لذلابطبلط');

-- --------------------------------------------------------

--
-- Table structure for table `tickets_types`
--

CREATE TABLE `tickets_types` (
  `id` int(11) NOT NULL,
  `name` varchar(255) NOT NULL,
  `created_at` date NOT NULL,
  `updated_at` date NOT NULL
) ENGINE=InnoDB DEFAULT CHARSET=utf8;

--
-- Dumping data for table `tickets_types`
--

INSERT INTO `tickets_types` (`id`, `name`, `created_at`, `updated_at`) VALUES
(1, 'استفسار', '0000-00-00', '0000-00-00'),
(2, 'مشكلة', '0000-00-00', '0000-00-00'),
(3, 'اقتراح', '0000-00-00', '0000-00-00');

-- --------------------------------------------------------

--
-- Table structure for table `transactions_orders`
--

CREATE TABLE `transactions_orders` (
  `id` int(11) NOT NULL,
  `main_order_id` int(11) NOT NULL,
  `result` varchar(255) NOT NULL,
  `response_code` int(11) NOT NULL,
  `pt_invoice_id` int(11) NOT NULL,
  `amount` int(11) NOT NULL,
  `currency` char(5) NOT NULL,
  `reference_no` varchar(50) NOT NULL,
  `transaction_id` int(11) NOT NULL
) ENGINE=InnoDB DEFAULT CHARSET=utf8;

--
-- Dumping data for table `transactions_orders`
--

INSERT INTO `transactions_orders` (`id`, `main_order_id`, `result`, `response_code`, `pt_invoice_id`, `amount`, `currency`, `reference_no`, `transaction_id`) VALUES
(1, 12, 'The payment is completed successfully!', 100, 219879, 8859, 'SAR', 'FC123123d1', 247474),
(2, 13, 'The payment is completed successfully!', 100, 219880, 8615, 'SAR', 'RC-Bfps', 247475),
(3, 14, 'The payment is completed successfully!', 100, 219881, 6275, 'SAR', 'RC-FcTF', 247477),
(4, 20, '', 0, 2747431, 0, '', '', 0);

-- --------------------------------------------------------

--
-- Table structure for table `withdraw_balance_requsets`
--

CREATE TABLE `withdraw_balance_requsets` (
  `id` int(11) NOT NULL,
  `merchant_id` int(11) NOT NULL,
  `quantity` int(11) NOT NULL,
  `status` tinyint(4) NOT NULL COMMENT '0 = accepted, 1 = un_accepted',
  `created_at` date NOT NULL
) ENGINE=MyISAM DEFAULT CHARSET=latin1;

--
-- Dumping data for table `withdraw_balance_requsets`
--

INSERT INTO `withdraw_balance_requsets` (`id`, `merchant_id`, `quantity`, `status`, `created_at`) VALUES
(14, 16, 1000, 1, '0000-00-00');

--
-- Indexes for dumped tables
--

--
-- Indexes for table `admins`
--
ALTER TABLE `admins`
  ADD PRIMARY KEY (`user_id`);

--
-- Indexes for table `ads`
--
ALTER TABLE `ads`
  ADD PRIMARY KEY (`id`);

--
-- Indexes for table `bank_accounts`
--
ALTER TABLE `bank_accounts`
  ADD PRIMARY KEY (`id`);

--
-- Indexes for table `categories`
--
ALTER TABLE `categories`
  ADD PRIMARY KEY (`id`);

--
-- Indexes for table `cities`
--
ALTER TABLE `cities`
  ADD PRIMARY KEY (`id`);

--
-- Indexes for table `countries`
--
ALTER TABLE `countries`
  ADD PRIMARY KEY (`id`);

--
-- Indexes for table `customers`
--
ALTER TABLE `customers`
  ADD PRIMARY KEY (`id`);

--
-- Indexes for table `customer_favourites`
--
ALTER TABLE `customer_favourites`
  ADD PRIMARY KEY (`id`);

--
-- Indexes for table `delivering_methods`
--
ALTER TABLE `delivering_methods`
  ADD PRIMARY KEY (`id`);

--
-- Indexes for table `keys`
--
ALTER TABLE `keys`
  ADD PRIMARY KEY (`id`);

--
-- Indexes for table `main_orders`
--
ALTER TABLE `main_orders`
  ADD PRIMARY KEY (`id`);

--
-- Indexes for table `merchants`
--
ALTER TABLE `merchants`
  ADD PRIMARY KEY (`id`);

--
-- Indexes for table `merchants_delivering_methods`
--
ALTER TABLE `merchants_delivering_methods`
  ADD PRIMARY KEY (`id`);

--
-- Indexes for table `mobile_numbers`
--
ALTER TABLE `mobile_numbers`
  ADD PRIMARY KEY (`id`);

--
-- Indexes for table `news_letter`
--
ALTER TABLE `news_letter`
  ADD PRIMARY KEY (`id`);

--
-- Indexes for table `orders_statuses`
--
ALTER TABLE `orders_statuses`
  ADD PRIMARY KEY (`id`);

--
-- Indexes for table `order_items`
--
ALTER TABLE `order_items`
  ADD PRIMARY KEY (`id`);

--
-- Indexes for table `pages`
--
ALTER TABLE `pages`
  ADD PRIMARY KEY (`id`);

--
-- Indexes for table `payment_methods`
--
ALTER TABLE `payment_methods`
  ADD PRIMARY KEY (`id`);

--
-- Indexes for table `products`
--
ALTER TABLE `products`
  ADD PRIMARY KEY (`id`);

--
-- Indexes for table `product_colors`
--
ALTER TABLE `product_colors`
  ADD PRIMARY KEY (`id`);

--
-- Indexes for table `product_comments`
--
ALTER TABLE `product_comments`
  ADD PRIMARY KEY (`id`);

--
-- Indexes for table `product_images`
--
ALTER TABLE `product_images`
  ADD PRIMARY KEY (`id`);

--
-- Indexes for table `product_rates`
--
ALTER TABLE `product_rates`
  ADD PRIMARY KEY (`id`);

--
-- Indexes for table `settings`
--
ALTER TABLE `settings`
  ADD PRIMARY KEY (`id`);

--
-- Indexes for table `slider`
--
ALTER TABLE `slider`
  ADD PRIMARY KEY (`id`);

--
-- Indexes for table `sub_orders`
--
ALTER TABLE `sub_orders`
  ADD PRIMARY KEY (`id`);

--
-- Indexes for table `tickets`
--
ALTER TABLE `tickets`
  ADD PRIMARY KEY (`id`);

--
-- Indexes for table `tickets_replies`
--
ALTER TABLE `tickets_replies`
  ADD PRIMARY KEY (`id`);

--
-- Indexes for table `tickets_types`
--
ALTER TABLE `tickets_types`
  ADD PRIMARY KEY (`id`);

--
-- Indexes for table `transactions_orders`
--
ALTER TABLE `transactions_orders`
  ADD PRIMARY KEY (`id`);

--
-- Indexes for table `withdraw_balance_requsets`
--
ALTER TABLE `withdraw_balance_requsets`
  ADD PRIMARY KEY (`id`);

--
-- AUTO_INCREMENT for dumped tables
--

--
-- AUTO_INCREMENT for table `admins`
--
ALTER TABLE `admins`
  MODIFY `user_id` int(11) NOT NULL AUTO_INCREMENT, AUTO_INCREMENT=2;

--
-- AUTO_INCREMENT for table `ads`
--
ALTER TABLE `ads`
  MODIFY `id` int(11) NOT NULL AUTO_INCREMENT, AUTO_INCREMENT=5;

--
-- AUTO_INCREMENT for table `bank_accounts`
--
ALTER TABLE `bank_accounts`
  MODIFY `id` int(11) NOT NULL AUTO_INCREMENT, AUTO_INCREMENT=6;

--
-- AUTO_INCREMENT for table `categories`
--
ALTER TABLE `categories`
  MODIFY `id` int(11) NOT NULL AUTO_INCREMENT, AUTO_INCREMENT=8;

--
-- AUTO_INCREMENT for table `cities`
--
ALTER TABLE `cities`
  MODIFY `id` int(11) NOT NULL AUTO_INCREMENT, AUTO_INCREMENT=18;

--
-- AUTO_INCREMENT for table `countries`
--
ALTER TABLE `countries`
  MODIFY `id` int(11) NOT NULL AUTO_INCREMENT, AUTO_INCREMENT=3;

--
-- AUTO_INCREMENT for table `customers`
--
ALTER TABLE `customers`
  MODIFY `id` int(11) NOT NULL AUTO_INCREMENT, AUTO_INCREMENT=288;

--
-- AUTO_INCREMENT for table `customer_favourites`
--
ALTER TABLE `customer_favourites`
  MODIFY `id` int(11) NOT NULL AUTO_INCREMENT, AUTO_INCREMENT=66;

--
-- AUTO_INCREMENT for table `delivering_methods`
--
ALTER TABLE `delivering_methods`
  MODIFY `id` int(11) NOT NULL AUTO_INCREMENT, AUTO_INCREMENT=5;

--
-- AUTO_INCREMENT for table `keys`
--
ALTER TABLE `keys`
  MODIFY `id` int(11) NOT NULL AUTO_INCREMENT, AUTO_INCREMENT=2;

--
-- AUTO_INCREMENT for table `main_orders`
--
ALTER TABLE `main_orders`
  MODIFY `id` int(11) NOT NULL AUTO_INCREMENT, AUTO_INCREMENT=32;

--
-- AUTO_INCREMENT for table `merchants`
--
ALTER TABLE `merchants`
  MODIFY `id` int(11) NOT NULL AUTO_INCREMENT, AUTO_INCREMENT=41;

--
-- AUTO_INCREMENT for table `merchants_delivering_methods`
--
ALTER TABLE `merchants_delivering_methods`
  MODIFY `id` int(11) NOT NULL AUTO_INCREMENT, AUTO_INCREMENT=71;

--
-- AUTO_INCREMENT for table `mobile_numbers`
--
ALTER TABLE `mobile_numbers`
  MODIFY `id` int(11) NOT NULL AUTO_INCREMENT, AUTO_INCREMENT=333;

--
-- AUTO_INCREMENT for table `news_letter`
--
ALTER TABLE `news_letter`
  MODIFY `id` int(11) NOT NULL AUTO_INCREMENT, AUTO_INCREMENT=23;

--
-- AUTO_INCREMENT for table `orders_statuses`
--
ALTER TABLE `orders_statuses`
  MODIFY `id` int(11) NOT NULL AUTO_INCREMENT, AUTO_INCREMENT=5;

--
-- AUTO_INCREMENT for table `order_items`
--
ALTER TABLE `order_items`
  MODIFY `id` int(11) NOT NULL AUTO_INCREMENT, AUTO_INCREMENT=51;

--
-- AUTO_INCREMENT for table `pages`
--
ALTER TABLE `pages`
  MODIFY `id` int(11) NOT NULL AUTO_INCREMENT, AUTO_INCREMENT=10;

--
-- AUTO_INCREMENT for table `payment_methods`
--
ALTER TABLE `payment_methods`
  MODIFY `id` int(11) NOT NULL AUTO_INCREMENT, AUTO_INCREMENT=3;

--
-- AUTO_INCREMENT for table `products`
--
ALTER TABLE `products`
  MODIFY `id` int(11) NOT NULL AUTO_INCREMENT, AUTO_INCREMENT=148;

--
-- AUTO_INCREMENT for table `product_colors`
--
ALTER TABLE `product_colors`
  MODIFY `id` int(11) NOT NULL AUTO_INCREMENT, AUTO_INCREMENT=192;

--
-- AUTO_INCREMENT for table `product_comments`
--
ALTER TABLE `product_comments`
  MODIFY `id` int(11) NOT NULL AUTO_INCREMENT, AUTO_INCREMENT=11;

--
-- AUTO_INCREMENT for table `product_images`
--
ALTER TABLE `product_images`
  MODIFY `id` int(11) NOT NULL AUTO_INCREMENT, AUTO_INCREMENT=169;

--
-- AUTO_INCREMENT for table `product_rates`
--
ALTER TABLE `product_rates`
  MODIFY `id` int(11) NOT NULL AUTO_INCREMENT, AUTO_INCREMENT=26;

--
-- AUTO_INCREMENT for table `settings`
--
ALTER TABLE `settings`
  MODIFY `id` int(11) NOT NULL AUTO_INCREMENT, AUTO_INCREMENT=2;

--
-- AUTO_INCREMENT for table `slider`
--
ALTER TABLE `slider`
  MODIFY `id` int(11) NOT NULL AUTO_INCREMENT, AUTO_INCREMENT=3;

--
-- AUTO_INCREMENT for table `sub_orders`
--
ALTER TABLE `sub_orders`
  MODIFY `id` int(11) NOT NULL AUTO_INCREMENT, AUTO_INCREMENT=34;

--
-- AUTO_INCREMENT for table `tickets`
--
ALTER TABLE `tickets`
  MODIFY `id` int(11) NOT NULL AUTO_INCREMENT, AUTO_INCREMENT=20;

--
-- AUTO_INCREMENT for table `tickets_replies`
--
ALTER TABLE `tickets_replies`
  MODIFY `id` int(11) NOT NULL AUTO_INCREMENT, AUTO_INCREMENT=8;

--
-- AUTO_INCREMENT for table `tickets_types`
--
ALTER TABLE `tickets_types`
  MODIFY `id` int(11) NOT NULL AUTO_INCREMENT, AUTO_INCREMENT=4;

--
-- AUTO_INCREMENT for table `transactions_orders`
--
ALTER TABLE `transactions_orders`
  MODIFY `id` int(11) NOT NULL AUTO_INCREMENT, AUTO_INCREMENT=5;

--
-- AUTO_INCREMENT for table `withdraw_balance_requsets`
--
ALTER TABLE `withdraw_balance_requsets`
  MODIFY `id` int(11) NOT NULL AUTO_INCREMENT, AUTO_INCREMENT=15;
COMMIT;

/*!40101 SET CHARACTER_SET_CLIENT=@OLD_CHARACTER_SET_CLIENT */;
/*!40101 SET CHARACTER_SET_RESULTS=@OLD_CHARACTER_SET_RESULTS */;
/*!40101 SET COLLATION_CONNECTION=@OLD_COLLATION_CONNECTION */;
